include,purpose,use.lw,use.l,tech,batch,id,tin.id,photo.id,date,time,station,tx,stage,len.fr.bin,len.fr,len.p2w,len.p2m,raw.wt,c.wt,len,len.bin,notes,
TRUE,LW,TRUE,FALSE,Kate,NA,1,NA,NA,NA,NA,NA,Fresh,Fem,13,14.2,NA,NA,0.00350,0.00396,14.2,13,NA,
TRUE,LW,TRUE,FALSE,Kate,NA,2,NA,NA,NA,NA,NA,Fresh,Fem,15,16.1,NA,NA,0.00830,0.00876,16.1,15,NA,
TRUE,LW,TRUE,FALSE,Kate,NA,3,NA,NA,NA,NA,NA,Fresh,Fem,13,13.6,NA,NA,0.00370,0.00417,13.6,13,NA,
TRUE,LW,TRUE,FALSE,Kate,NA,4,NA,NA,NA,NA,NA,Fresh,Male,13,13.1,NA,NA,0.00360,0.00406,13.1,13,NA,
TRUE,LW,TRUE,FALSE,Kate,NA,5,NA,NA,NA,NA,NA,Fresh,Male,13,13.2,NA,NA,0.00250,0.00297,13.2,13,NA,
TRUE,LW,TRUE,FALSE,Kate,NA,6,NA,NA,NA,NA,NA,Fresh,Fem,17,17.0,NA,NA,0.00820,0.00866,17.0,17,NA,
FALSE,LW,TRUE,FALSE,Kate,NA,7,NA,NA,NA,NA,NA,Fresh,Grav,15,15.1,NA,NA,0.01250,0.01297,15.1,15,excluded b/c weighs too much for length,
TRUE,LW,TRUE,FALSE,Kate,NA,8,NA,NA,NA,NA,NA,8SBF,Fem,NA,NA,13.3,NA,0.00630,0.00677,13.3,13,NA,
TRUE,LW,TRUE,FALSE,Kate,NA,9,NA,NA,NA,NA,NA,Fresh,Fem,17,17.1,NA,NA,0.00980,0.01027,17.1,17,NA,
TRUE,LW,TRUE,FALSE,Kate,NA,10,NA,NA,NA,NA,NA,Fresh,Grav,15,15.3,NA,NA,0.00740,0.00787,15.3,15,NA,
TRUE,LW,TRUE,FALSE,Kate,NA,11,NA,NA,NA,NA,NA,Fresh,Grav,13,13.7,NA,NA,0.00350,0.00397,13.7,13,NA,
TRUE,LW,TRUE,FALSE,Kate,NA,12,NA,NA,NA,NA,NA,8SBF,Male,NA,NA,13.8,NA,0.00690,0.00737,13.8,13,NA,
TRUE,LW,TRUE,FALSE,Kate,NA,13,NA,NA,NA,NA,NA,8SBF,Fem,NA,NA,13.7,NA,0.00790,0.00837,13.7,13,NA,
FALSE,LW,TRUE,FALSE,Kate,NA,14,NA,NA,NA,NA,NA,Fresh,Fem,13,13.6,NA,NA,NA,NA,13.6,13,weights not recorded for some reason,
FALSE,LW,TRUE,FALSE,Kate,NA,15,NA,NA,NA,NA,NA,8SBF,Male,NA,NA,12.9,NA,NA,NA,12.9,11,weights not recorded for some reason,
TRUE,LW,TRUE,FALSE,Kate,NA,16,NA,NA,NA,NA,NA,Fresh,Male,13,14.5,NA,NA,0.00490,0.00537,14.5,13,NA,
TRUE,LW,TRUE,FALSE,Kate,NA,17,NA,NA,NA,NA,NA,Fresh,Fem,11,12.8,NA,NA,0.00430,0.00476,12.8,11,NA,
TRUE,LW,TRUE,FALSE,Kate,NA,18,NA,NA,NA,NA,NA,Fresh,Fem,13,14.5,NA,NA,0.00590,0.00637,14.5,13,NA,
FALSE,LW,TRUE,FALSE,Kate,NA,19,NA,NA,NA,NA,NA,Fresh,Fem,9,9.6,NA,NA,-0.00080,-0.00033,9.6,9,exclude b/c negative weight,
TRUE,LW,TRUE,FALSE,Kate,NA,20,NA,NA,NA,NA,NA,Fresh,Fem,9,9.1,NA,NA,0.00100,0.00146,9.1,9,NA,
TRUE,LW,TRUE,FALSE,Kate,NA,21,NA,NA,NA,NA,NA,Fresh,Juv,5,6.8,NA,NA,0.00000,0.00047,6.8,5,NA,
FALSE,LW,TRUE,FALSE,Kate,NA,22,NA,NA,NA,NA,NA,Fresh,Juv,5,6.6,NA,NA,-0.00030,0.00017,6.6,5,excluded b/c weighs too little for length,
TRUE,LW,TRUE,FALSE,Kate,NA,23,NA,NA,NA,NA,NA,Fresh,Juv,7,7.2,NA,NA,0.00020,0.00066,7.2,7,NA,
TRUE,LW,TRUE,FALSE,Kate,NA,24,NA,NA,NA,NA,NA,Fresh,Juv,5,6.0,NA,NA,-0.00010,0.00037,6.0,5,NA,
TRUE,LW,TRUE,FALSE,Kate,NA,25,NA,NA,NA,NA,NA,8SBF,Juv,NA,NA,6.3,NA,-0.00010,0.00037,6.3,5,NA,
TRUE,LW,TRUE,FALSE,Kate,NA,26,NA,NA,NA,NA,NA,Fresh,Juv,5,5.1,NA,NA,-0.00020,0.00027,5.1,5,NA,
TRUE,LW,TRUE,FALSE,Kate,NA,27,NA,NA,NA,NA,NA,8SBF,Juv,NA,NA,5.6,NA,0.00060,0.00106,5.6,5,NA,
TRUE,LW,TRUE,FALSE,Kate,NA,28,NA,NA,NA,NA,NA,8SBF,Juv,NA,NA,6.5,NA,0.00070,0.00116,6.5,5,NA,
TRUE,LW,TRUE,FALSE,Kate,NA,29,NA,NA,NA,NA,NA,8SBF,Juv,NA,NA,7.4,NA,0.00040,0.00086,7.4,7,NA,
TRUE,LW,TRUE,FALSE,Kate,NA,30,NA,NA,NA,NA,NA,Fresh,Juv,5,6.1,NA,NA,0.00040,0.00086,6.1,5,NA,
TRUE,LW,TRUE,FALSE,Kate,NA,31,NA,NA,NA,NA,NA,Fresh,Juv,5,6.8,NA,NA,-0.00010,0.00037,6.8,5,NA,
TRUE,LW,TRUE,FALSE,Kate,NA,32,NA,NA,NA,NA,NA,Fresh,Juv,5,6.5,NA,NA,0.00020,0.00066,6.5,5,NA,
TRUE,LW,TRUE,FALSE,Kate,NA,33,NA,NA,NA,NA,NA,8SBF,Juv,NA,NA,5.7,NA,0.00030,0.00076,5.7,5,NA,
TRUE,LW,TRUE,FALSE,Kate,NA,34,NA,NA,NA,NA,NA,8SBF,Juv,NA,NA,7.1,NA,0.00090,0.00136,7.1,7,NA,
TRUE,LW,TRUE,FALSE,Kate,NA,35,NA,NA,NA,NA,NA,Fresh,Juv,5,6.3,NA,NA,-0.00020,0.00027,6.3,5,NA,
FALSE,LW,TRUE,FALSE,Kate,NA,36,NA,NA,NA,NA,NA,Fresh,Juv,5,6.2,NA,NA,-0.00040,0.00007,6.2,5,excluded b/c weighs too little for length,
TRUE,LW,TRUE,FALSE,Kate,NA,37,NA,NA,NA,NA,NA,8SBF,Juv,NA,NA,5.8,NA,0.00020,0.00066,5.8,5,NA,
TRUE,LW,TRUE,FALSE,Kate,NA,38,NA,NA,NA,NA,NA,8SBF,Juv,NA,NA,6.8,NA,0.00010,0.00056,6.8,5,NA,
TRUE,LW,TRUE,FALSE,Kate,NA,39,NA,NA,NA,NA,NA,Fresh,Juv,7,8.5,NA,NA,0.00070,0.00117,8.5,7,NA,
TRUE,LW,TRUE,FALSE,Kate,NA,40,NA,NA,NA,NA,NA,Fresh,Juv,5,5.0,NA,NA,-0.00020,0.00027,5.0,5,NA,
TRUE,LW,TRUE,FALSE,Kate,NA,41,NA,NA,NA,NA,NA,Fresh,Juv,5,6.8,NA,NA,-0.00020,0.00027,6.8,5,NA,
TRUE,LW,TRUE,FALSE,Kate,NA,42,NA,NA,NA,NA,NA,8SBF,Juv,NA,NA,5.9,NA,-0.00010,0.00037,5.9,5,NA,
TRUE,LW,TRUE,FALSE,Kate,NA,43,NA,NA,NA,NA,NA,8SBF,Fem,NA,NA,8.2,NA,0.00120,0.00166,8.2,7,NA,
FALSE,LW,TRUE,FALSE,Kate,NA,44,NA,NA,NA,NA,NA,Fresh,Male,13,13.4,NA,NA,NA,NA,13.4,13,weights not recorded for some reason,
TRUE,LW,TRUE,FALSE,Kate,NA,45,NA,NA,NA,NA,NA,8SBF,Male,NA,NA,13.9,NA,0.00740,0.00787,13.9,13,NA,
FALSE,LW,TRUE,FALSE,Kate,NA,46,NA,NA,NA,NA,NA,Fresh,Fem,13,14.7,NA,NA,NA,NA,14.7,13,weights not recorded for some reason,
TRUE,LW,TRUE,FALSE,Kate,NA,47,NA,NA,NA,NA,NA,8SBF,Fem,NA,NA,13.8,NA,0.00750,0.00797,13.8,13,NA,
TRUE,LW,TRUE,FALSE,Kate,NA,48,NA,NA,NA,NA,NA,Fresh,Fem,13,14.5,NA,NA,0.00430,0.00476,14.5,13,NA,
TRUE,LW,TRUE,FALSE,Kate,NA,49,NA,NA,NA,NA,NA,8SBF,Fem,NA,NA,11.6,NA,0.00420,0.00466,11.6,11,NA,
TRUE,LW,TRUE,FALSE,Kate,NA,50,NA,NA,NA,NA,NA,8SBF,Male,NA,NA,14.6,NA,0.00740,0.00787,14.6,13,NA,
TRUE,LW,TRUE,FALSE,Kate,NA,51,NA,NA,NA,NA,NA,Fresh,Male,15,15.7,NA,NA,0.00880,0.00926,15.7,15,NA,
TRUE,LW,TRUE,FALSE,Kate,NA,52,NA,NA,NA,NA,NA,8SBF,Fem,NA,NA,14.4,NA,0.00880,0.00927,14.4,13,NA,
TRUE,LW,TRUE,FALSE,Kate,NA,53,NA,NA,NA,NA,NA,8SBF,Fem,NA,NA,14.1,NA,0.00920,0.00967,14.1,13,NA,
TRUE,LW,TRUE,FALSE,Kate,NA,54,NA,NA,NA,NA,NA,8SBF,Fem,NA,NA,16.5,NA,0.01290,0.01336,16.5,15,NA,
TRUE,LW,TRUE,FALSE,Kate,NA,55,NA,NA,NA,NA,NA,Fresh,Male,13,14.3,NA,NA,0.00440,0.00486,14.3,13,NA,
TRUE,LW,TRUE,FALSE,Kate,NA,56,NA,NA,NA,NA,NA,8SBF,Male,NA,NA,12.8,NA,0.00630,0.00676,12.8,11,NA,
TRUE,LW,TRUE,FALSE,Kate,NA,57,NA,NA,NA,NA,NA,Fresh,Fem,13,14.7,NA,NA,0.00650,0.00696,14.7,13,NA,
TRUE,LW,TRUE,FALSE,Kate,NA,58,NA,NA,NA,NA,NA,Fresh,Fem,13,14.0,NA,NA,0.00410,0.00456,14.0,13,NA,
TRUE,LW,TRUE,FALSE,Kate,NA,59,NA,NA,NA,NA,NA,Fresh,Male,11,12.2,NA,NA,0.00270,0.00317,12.2,11,NA,
TRUE,LW,TRUE,FALSE,Kate,NA,60,NA,NA,NA,NA,NA,8SBF,Male,NA,NA,13.3,NA,0.00830,0.00877,13.3,13,NA,
TRUE,LW,TRUE,FALSE,Kate,NA,61,NA,NA,NA,NA,NA,Fresh,Fem,15,15.1,NA,NA,0.00650,0.00696,15.1,15,NA,
TRUE,LW,TRUE,FALSE,Kate,NA,62,NA,NA,NA,NA,NA,8SBF,Juv,NA,NA,7.9,NA,0.00000,0.00047,7.9,7,NA,
TRUE,LW,TRUE,FALSE,Kate,NA,63,NA,NA,NA,NA,NA,8SBF,Juv,NA,NA,7.5,NA,0.00070,0.00116,7.5,7,NA,
TRUE,LW,TRUE,FALSE,Kate,NA,64,NA,NA,NA,NA,NA,Fresh,Juv,7,7.7,NA,NA,0.00070,0.00116,7.7,7,NA,
TRUE,LW,TRUE,FALSE,Kate,NA,65,NA,NA,NA,NA,NA,8SBF,Juv,NA,NA,6.0,NA,0.00070,0.00117,6.0,5,NA,
TRUE,LW,TRUE,FALSE,Kate,NA,66,NA,NA,NA,NA,NA,Fresh,Juv,5,5.8,NA,NA,0.00030,0.00076,5.8,5,NA,
TRUE,LW,TRUE,FALSE,Kate,NA,67,NA,NA,NA,NA,NA,Fresh,Juv,7,7.5,NA,NA,0.00070,0.00116,7.5,7,NA,
TRUE,LW,TRUE,FALSE,Kate,NA,68,NA,NA,NA,NA,NA,8SBF,Juv,NA,NA,7.2,NA,0.00070,0.00116,7.2,7,NA,
TRUE,LW,TRUE,FALSE,Kate,NA,69,NA,NA,NA,NA,NA,8SBF,Juv,NA,NA,7.4,NA,0.00080,0.00126,7.4,7,NA,
TRUE,LW,TRUE,FALSE,Kate,NA,70,NA,NA,NA,NA,NA,8SBF,Juv,NA,NA,6.0,NA,0.00040,0.00086,6.0,5,NA,
TRUE,LW,TRUE,FALSE,Kate,NA,71,NA,NA,NA,NA,NA,Fresh,Juv,7,8.6,NA,NA,0.00080,0.00127,8.6,7,NA,
TRUE,LW,TRUE,FALSE,Kate,NA,72,NA,NA,NA,NA,NA,Fresh,Juv,7,7.6,NA,NA,0.00060,0.00106,7.6,7,NA,
TRUE,LW,TRUE,FALSE,Kate,NA,73,NA,NA,NA,NA,NA,Fresh,Juv,5,5.6,NA,NA,0.00000,0.00047,5.6,5,NA,
TRUE,LW,TRUE,FALSE,Kate,NA,74,NA,NA,NA,NA,NA,8SBF,Juv,NA,NA,7.2,NA,0.00080,0.00127,7.2,7,NA,
TRUE,LW,TRUE,FALSE,Kate,NA,75,NA,NA,NA,NA,NA,8SBF,Juv,NA,NA,5.3,NA,0.00020,0.00067,5.3,5,NA,
TRUE,LW,TRUE,FALSE,Kate,NA,76,NA,NA,NA,NA,NA,8SBF,Juv,NA,NA,6.1,NA,0.00010,0.00056,6.1,5,NA,
TRUE,LW,TRUE,FALSE,Kate,NA,77,NA,NA,NA,NA,NA,8SBF,Juv,NA,NA,8.2,NA,0.00180,0.00227,8.2,7,NA,
TRUE,LW,TRUE,FALSE,Kate,NA,78,NA,NA,NA,NA,NA,Fresh,Juv,5,6.7,NA,NA,0.00070,0.00116,6.7,5,NA,
TRUE,LW,TRUE,FALSE,Kate,NA,79,NA,NA,NA,NA,NA,Fresh,Juv,7,7.1,NA,NA,0.00040,0.00087,7.1,7,NA,
TRUE,LW,TRUE,FALSE,Kate,NA,80,NA,NA,NA,NA,NA,Fresh,Juv,5,5.9,NA,NA,-0.00030,0.00017,5.9,5,NA,
TRUE,LW,TRUE,FALSE,Kate,NA,81,NA,NA,NA,NA,NA,Fresh,Juv,5,6.7,NA,NA,0.00000,0.00047,6.7,5,NA,
TRUE,LW,TRUE,FALSE,Kate,NA,82,NA,NA,NA,NA,NA,Fresh,Juv,5,5.9,NA,NA,0.00040,0.00086,5.9,5,NA,
TRUE,LW,TRUE,FALSE,Kate,NA,83,NA,NA,NA,NA,NA,8SBF,Juv,NA,NA,6.7,NA,0.00070,0.00117,6.7,5,NA,
TRUE,LW,TRUE,FALSE,Kate,NA,84,NA,NA,NA,NA,NA,8SBF,Juv,NA,NA,8.4,NA,0.00140,0.00187,8.4,7,NA,
TRUE,LW,TRUE,FALSE,Kate,NA,85,NA,NA,NA,NA,NA,Fresh,Male,15,15.4,NA,NA,0.00500,0.00546,15.4,15,NA,
TRUE,LW,TRUE,FALSE,Kate,NA,86,NA,NA,NA,NA,NA,8SBF,Juv,NA,NA,6.3,NA,0.00060,0.00107,6.3,5,NA,
TRUE,LW,TRUE,FALSE,Kate,NA,87,NA,NA,NA,NA,NA,Fresh,Juv,7,7.1,NA,NA,0.00020,0.00066,7.1,7,NA,
TRUE,LW,TRUE,FALSE,Kate,NA,88,NA,NA,NA,NA,NA,Fresh,Juv,7,8.5,NA,NA,0.00090,0.00137,8.5,7,NA,
TRUE,LW,TRUE,FALSE,Kate,NA,89,NA,NA,NA,NA,NA,8SBF,Juv,NA,NA,8.6,NA,0.00160,0.00207,8.6,7,NA,
TRUE,LW,TRUE,FALSE,Kate,NA,90,NA,NA,NA,NA,NA,8SBF,Juv,NA,NA,8.3,NA,0.00130,0.00177,8.3,7,NA,
FALSE,LW,TRUE,FALSE,Kate,NA,91,NA,NA,NA,NA,NA,Fresh,Juv,3,4.2,NA,NA,0.00010,0.00056,4.2,3,"excluded (weighs too much for length); pooled (avg of 3.7,4.2,4.7 mm)",
TRUE,LW,TRUE,FALSE,Kate,NA,92,NA,NA,NA,NA,NA,8SBF,Juv,NA,NA,4.0,NA,0.00017,0.00063,4.0,3,"pooled (avg of 3.3,4.3,4.5 mm)",
TRUE,LW,TRUE,FALSE,Kate,NA,93,NA,NA,NA,NA,NA,8SBF,Fem,NA,NA,13.9,NA,0.00880,0.00927,13.9,13,NA,
TRUE,LW,TRUE,FALSE,Kate,NA,94,NA,NA,NA,NA,NA,Fresh,Male,13,14.0,NA,NA,0.00680,0.00726,14.0,13,NA,
TRUE,LW,TRUE,FALSE,Kate,NA,95,NA,NA,NA,NA,NA,Fresh,Male,13,14.7,NA,NA,0.00580,0.00627,14.7,13,NA,
TRUE,LW,TRUE,FALSE,Kate,NA,96,NA,NA,NA,NA,NA,Fresh,Male,13,14.2,NA,NA,0.00440,0.00486,14.2,13,NA
TRUE,LW,TRUE,FALSE,Kate,NA,97,NA,NA,NA,NA,NA,Fresh,Fem,15,15.7,NA,NA,0.00800,0.00847,15.7,15,NA
TRUE,LW,TRUE,FALSE,Kate,NA,98,NA,NA,NA,NA,NA,8SBF,Fem,NA,NA,14.4,NA,0.01020,0.01067,14.4,13,NA
TRUE,LW,TRUE,FALSE,Kate,NA,99,NA,NA,NA,NA,NA,Fresh,Male,13,14.5,NA,NA,0.00740,0.00787,14.5,13,NA
TRUE,LW,TRUE,FALSE,Kate,NA,100,NA,NA,NA,NA,NA,8SBF,Male,NA,NA,13.2,NA,0.00720,0.00767,13.2,13,NA
TRUE,LW,TRUE,FALSE,Kate,NA,101,NA,NA,NA,NA,NA,8SBF,Fem,NA,NA,12.6,NA,0.00560,0.00607,12.6,11,NA
TRUE,LW,TRUE,FALSE,Kate,NA,102,NA,NA,NA,NA,NA,8SBF,Male,NA,NA,14.3,NA,0.00780,0.00827,14.3,13,NA
TRUE,LW,TRUE,FALSE,Kate,NA,103,NA,NA,NA,NA,NA,8SBF,Fem,NA,NA,14.8,NA,0.00970,0.01017,14.8,13,NA
FALSE,LW,TRUE,FALSE,Kate,NA,104,NA,NA,NA,NA,NA,8SBF,Fem,NA,NA,12.2,NA,NA,NA,12.2,11,weights not recorded for some reason
TRUE,LW,TRUE,FALSE,Kate,NA,105,NA,NA,NA,NA,NA,Fresh,Male,15,15.8,NA,NA,0.00950,0.00997,15.8,15,NA
TRUE,LW,TRUE,FALSE,Kate,NA,106,NA,NA,NA,NA,NA,Fresh,Fem,11,12.8,NA,NA,0.00430,0.00476,12.8,11,NA
TRUE,LW,TRUE,FALSE,Kate,NA,107,NA,NA,NA,NA,NA,8SBF,Fem,NA,NA,14.5,NA,0.00790,0.00837,14.5,13,NA
TRUE,LW,TRUE,FALSE,Kate,NA,108,NA,NA,NA,NA,NA,Fresh,Fem,13,14.6,NA,NA,0.00800,0.00847,14.6,13,NA
TRUE,LW,TRUE,FALSE,Kate,NA,109,NA,NA,NA,NA,NA,Fresh,Fem,15,15.2,NA,NA,0.00490,0.00537,15.2,15,NA
TRUE,LW,TRUE,FALSE,Kate,NA,110,NA,NA,NA,NA,NA,Fresh,Fem,13,13.8,NA,NA,0.00450,0.00496,13.8,13,NA
TRUE,LW,TRUE,FALSE,Kate,NA,111,NA,NA,NA,NA,NA,8SBF,Fem,NA,NA,14.4,NA,0.00780,0.00827,14.4,13,NA
TRUE,LW,TRUE,FALSE,Kate,NA,112,NA,NA,NA,NA,NA,8SBF,Male,NA,NA,14.0,NA,0.00820,0.00866,14.0,13,NA,
TRUE,LW,TRUE,FALSE,Kate,NA,113,NA,NA,NA,NA,NA,Fresh,Fem,15,15.3,NA,NA,0.00490,0.00537,15.3,15,NA,
FALSE,LW,TRUE,FALSE,Kate,NA,114,NA,NA,NA,NA,NA,8SBF,Fem,NA,NA,14.0,NA,NA,NA,14.0,13,weights not recorded for some reason,
TRUE,LW,TRUE,FALSE,Kate,NA,115,NA,NA,NA,NA,NA,8SBF,Male,NA,NA,14.1,NA,0.00960,0.01006,14.1,13,NA,
TRUE,LW,TRUE,FALSE,Kate,NA,116,NA,NA,NA,NA,NA,Fresh,Male,13,13.6,NA,NA,0.00370,0.00417,13.6,13,NA,
TRUE,LW,TRUE,FALSE,Kate,NA,117,NA,NA,NA,NA,NA,8SBF,Male,NA,NA,14.6,NA,0.00960,0.01006,14.6,13,NA,
TRUE,LW,TRUE,FALSE,Kate,NA,118,NA,NA,NA,NA,NA,8SBF,Male,NA,NA,14.1,NA,0.00730,0.00777,14.1,13,NA,
TRUE,LW,TRUE,FALSE,Kate,NA,119,NA,NA,NA,NA,NA,Fresh,Male,11,12.3,NA,NA,0.00210,0.00256,12.3,11,NA,
TRUE,LW,TRUE,FALSE,Kate,NA,120,NA,NA,NA,NA,NA,Fresh,Male,13,14.0,NA,NA,0.00400,0.00447,14.0,13,NA,
TRUE,LW,TRUE,FALSE,Kate,NA,121,NA,NA,NA,NA,NA,8SBF,Fem,NA,NA,10.2,NA,0.00240,0.00286,10.2,9,NA,
TRUE,LW,TRUE,FALSE,Kate,NA,122,NA,NA,NA,NA,NA,Fresh,Juv,3,4.8,NA,NA,0.00007,0.00053,4.8,3,"pooled (avg of 4.8,4.8,4.9 mm)",
TRUE,LW,TRUE,FALSE,Kate,NA,123,NA,NA,NA,NA,NA,Fresh,Fem,13,14.6,NA,NA,0.00590,0.00637,14.6,13,NA,
TRUE,LW,TRUE,FALSE,Kate,NA,124,NA,NA,NA,NA,NA,8SBF,Male,NA,NA,13.0,NA,0.00720,0.00767,13.0,13,NA,
TRUE,LW,TRUE,FALSE,Kate,NA,125,NA,NA,NA,NA,NA,8SBF,Fem,NA,NA,14.5,NA,0.01010,0.01057,14.5,13,NA,
TRUE,LW,TRUE,FALSE,Kate,NA,126,NA,NA,NA,NA,NA,8SBF,Male,NA,NA,13.9,NA,0.00900,0.00946,13.9,13,NA,
TRUE,LW,TRUE,FALSE,Kate,NA,127,NA,NA,NA,NA,NA,8SBF,Fem,NA,NA,16.7,NA,0.01350,0.01397,16.7,15,NA,
TRUE,LW,TRUE,FALSE,Kate,NA,128,NA,NA,NA,NA,NA,8SBF,Grav,NA,NA,14.0,NA,0.00900,0.00947,14.0,13,NA
TRUE,LW,TRUE,FALSE,Kate,NA,129,NA,NA,NA,NA,NA,8SBF,Male,NA,NA,14.3,NA,0.00990,0.01037,14.3,13,NA
TRUE,LW,TRUE,FALSE,Kate,NA,130,NA,NA,NA,NA,NA,8SBF,Male,NA,NA,13.0,NA,0.00790,0.00837,13.0,13,NA
TRUE,LW,TRUE,FALSE,Kate,NA,131,NA,NA,NA,NA,NA,Fresh,Fem,15,15.1,NA,NA,0.00610,0.00656,15.1,15,NA
TRUE,LW,TRUE,FALSE,Kate,NA,132,NA,NA,NA,NA,NA,Fresh,Fem,15,15.1,NA,NA,0.00670,0.00716,15.1,15,NA
TRUE,LW,TRUE,FALSE,Kate,NA,134,NA,NA,NA,NA,NA,8SBF,Fem,NA,NA,15.7,NA,0.01220,0.01267,15.7,15,NA
FALSE,LW,TRUE,FALSE,Kate,NA,135,NA,NA,NA,NA,NA,8SBF,Fem,NA,NA,17.6,NA,NA,NA,17.6,17,weights not recorded for some reason
TRUE,LW,TRUE,FALSE,Kate,NA,136,NA,NA,NA,NA,NA,Fresh,Fem,13,14.4,NA,NA,0.00690,0.00736,14.4,13,NA
TRUE,LW,TRUE,FALSE,Kate,NA,137,NA,NA,NA,NA,NA,Fresh,Grav,17,17.9,NA,NA,0.01080,0.01127,17.9,17,NA
TRUE,LW,TRUE,FALSE,Kate,NA,138,NA,NA,NA,NA,NA,8SBF,Fem,NA,NA,14.3,NA,0.00970,0.01016,14.3,13,NA
TRUE,LW,TRUE,FALSE,Kate,NA,139,NA,NA,NA,NA,NA,8SBF,Grav,NA,NA,14.9,NA,0.00960,0.01007,14.9,13,NA
TRUE,LW,TRUE,FALSE,Kate,NA,140,NA,NA,NA,NA,NA,Fresh,Male,13,13.9,NA,NA,0.00640,0.00686,13.9,13,NA
TRUE,LW,TRUE,FALSE,Kate,NA,141,NA,NA,NA,NA,NA,Fresh,Grav,15,15.1,NA,NA,0.00650,0.00696,15.1,15,NA
TRUE,LW,TRUE,FALSE,Kate,NA,142,NA,NA,NA,NA,NA,8SBF,Grav,NA,NA,14.8,NA,0.01170,0.01217,14.8,13,NA
TRUE,LW,TRUE,FALSE,Kate,NA,143,NA,NA,NA,NA,NA,Fresh,Male,11,12.5,NA,NA,0.00240,0.00286,12.5,11,NA
TRUE,LW,TRUE,FALSE,Kate,NA,144,NA,NA,NA,NA,NA,Fresh,Male,13,14.8,NA,NA,0.00530,0.00577,14.8,13,NA
TRUE,LW,TRUE,FALSE,Kate,NA,145,NA,NA,NA,NA,NA,Fresh,Male,13,14.4,NA,NA,0.00740,0.00787,14.4,13,NA
TRUE,LW,TRUE,FALSE,Kate,NA,146,NA,NA,NA,NA,NA,8SBF,Male,NA,NA,14.9,NA,0.00980,0.01027,14.9,13,NA
TRUE,LW,TRUE,FALSE,Kate,NA,147,NA,NA,NA,NA,NA,8SBF,Fem,NA,NA,14.5,NA,0.01130,0.01177,14.5,13,NA
TRUE,LW,TRUE,FALSE,Kate,NA,148,NA,NA,NA,NA,NA,8SBF,Fem,NA,NA,16.2,NA,0.01260,0.01307,16.2,15,NA
TRUE,LW,TRUE,FALSE,Kate,NA,149,NA,NA,NA,NA,NA,Fresh,Fem,13,14.8,NA,NA,0.00440,0.00486,14.8,13,NA
TRUE,LW,TRUE,FALSE,Kate,NA,150,NA,NA,NA,NA,NA,Fresh,Fem,13,13.7,NA,NA,0.00480,0.00526,13.7,13,NA
TRUE,LW,TRUE,FALSE,Kate,NA,151,NA,NA,NA,NA,NA,Fresh,Fem,15,16.2,NA,NA,0.00640,0.00686,16.2,15,NA
TRUE,LW,TRUE,FALSE,Kate,NA,152,NA,NA,NA,NA,NA,8SBF,Male,NA,NA,13.3,NA,0.00760,0.00807,13.3,13,NA
TRUE,LW,TRUE,FALSE,Kate,NA,153,NA,NA,NA,NA,NA,8SBF,Male,NA,NA,14.6,NA,0.01050,0.01097,14.6,13,NA
TRUE,LW,TRUE,FALSE,Kate,NA,154,NA,NA,NA,NA,NA,Fresh,Fem,13,14.4,NA,NA,0.00470,0.00517,14.4,13,NA
TRUE,LW,TRUE,FALSE,Kate,NA,155,NA,NA,NA,NA,NA,8SBF,Grav,NA,NA,15.1,NA,0.00990,0.01037,15.1,15,NA
TRUE,LW,TRUE,FALSE,Kate,NA,156,NA,NA,NA,NA,NA,Fresh,Grav,13,13.5,NA,NA,0.00500,0.00546,13.5,13,NA
TRUE,LW,TRUE,FALSE,Kate,NA,157,NA,NA,NA,NA,NA,8SBF,Fem,NA,NA,14.5,NA,0.00940,0.00987,14.5,13,NA
TRUE,LW,TRUE,FALSE,Kate,NA,158,NA,NA,NA,NA,NA,8SBF,Fem,NA,NA,14.0,NA,0.00900,0.00947,14.0,13,NA
TRUE,LW,TRUE,FALSE,Kate,NA,159,NA,NA,NA,NA,NA,Fresh,Male,7,8.1,NA,NA,0.00070,0.00116,8.1,7,NA
TRUE,LW,TRUE,FALSE,Kate,NA,160,NA,NA,NA,NA,NA,Fresh,Grav,15,16.8,NA,NA,0.01170,0.01217,16.8,15,NA
TRUE,LW,TRUE,FALSE,Kate,NA,161,NA,NA,NA,NA,NA,Fresh,Male,13,14.6,NA,NA,0.00640,0.00686,14.6,13,NA
TRUE,LW,TRUE,FALSE,Kate,NA,162,NA,NA,NA,NA,NA,8SBF,Male,NA,NA,12.4,NA,0.00580,0.00627,12.4,11,NA
TRUE,LW,TRUE,FALSE,Kate,NA,163,NA,NA,NA,NA,NA,Fresh,Male,13,13.1,NA,NA,0.00320,0.00367,13.1,13,NA
TRUE,LW,TRUE,FALSE,Kate,NA,164,NA,NA,NA,NA,NA,Fresh,Male,7,8.6,NA,NA,0.00100,0.00147,8.6,7,NA
TRUE,LW,TRUE,FALSE,Kate,NA,165,NA,NA,NA,NA,NA,Fresh,Fem,13,14.5,NA,NA,0.00710,0.00757,14.5,13,NA
TRUE,LW,TRUE,FALSE,Kate,NA,166,NA,NA,NA,NA,NA,Fresh,Male,13,14.9,NA,NA,0.00540,0.00586,14.9,13,NA
TRUE,LW,TRUE,FALSE,Kate,NA,167,NA,NA,NA,NA,NA,8SBF,Fem,NA,NA,14.3,NA,0.00970,0.01017,14.3,13,NA
TRUE,LW,TRUE,FALSE,Kate,NA,168,NA,NA,NA,NA,NA,8SBF,Fem,NA,NA,15.7,NA,0.01090,0.01136,15.7,15,NA
TRUE,LW,TRUE,FALSE,Kate,NA,169,NA,NA,NA,NA,NA,Fresh,Fem,15,15.2,NA,NA,0.00580,0.00627,15.2,15,NA
TRUE,LW,TRUE,FALSE,Kate,NA,170,NA,NA,NA,NA,NA,8SBF,Male,NA,NA,14.7,NA,0.00860,0.00906,14.7,13,NA
TRUE,LW,TRUE,FALSE,Kate,NA,171,NA,NA,NA,NA,NA,8SBF,Male,NA,NA,14.1,NA,0.00860,0.00906,14.1,13,NA
TRUE,LW,TRUE,FALSE,Kate,NA,172,NA,NA,NA,NA,NA,Fresh,Grav,11,12.9,NA,NA,0.00550,0.00596,12.9,11,NA
TRUE,LW,TRUE,FALSE,Kate,NA,173,NA,NA,NA,NA,NA,8SBF,Male,NA,NA,14.6,NA,0.01070,0.01117,14.6,13,NA
TRUE,LW,TRUE,FALSE,Kate,NA,174,NA,NA,NA,NA,NA,Fresh,Fem,13,14.0,NA,NA,0.00420,0.00467,14.0,13,NA
TRUE,LW,TRUE,FALSE,Kate,NA,175,NA,NA,NA,NA,NA,8SBF,Fem,NA,NA,14.2,NA,0.00830,0.00876,14.2,13,NA
TRUE,LW,TRUE,FALSE,Kate,NA,176,NA,NA,NA,NA,NA,8SBF,Fem,NA,NA,14.3,NA,0.00690,0.00736,14.3,13,NA
TRUE,LW,TRUE,FALSE,Kate,NA,177,NA,NA,NA,NA,NA,Fresh,Grav,13,14.3,NA,NA,0.00760,0.00806,14.3,13,NA,
TRUE,LW,TRUE,FALSE,Kate,NA,178,NA,NA,NA,NA,NA,8SBF,Male,NA,NA,14.3,NA,0.00850,0.00897,14.3,13,NA,
TRUE,LW,TRUE,FALSE,Kate,NA,179,NA,NA,NA,NA,NA,8SBF,Grav,NA,NA,13.9,NA,0.00860,0.00907,13.9,13,NA,
TRUE,LW,TRUE,FALSE,Kate,NA,180,NA,NA,NA,NA,NA,Fresh,Male,13,14.3,NA,NA,0.00500,0.00547,14.3,13,NA,
TRUE,LW,TRUE,FALSE,Kate,NA,181,NA,NA,NA,NA,NA,8SBF,Fem,NA,NA,12.7,NA,0.00610,0.00656,12.7,11,NA,
TRUE,LW,TRUE,FALSE,Kate,NA,182,NA,NA,NA,NA,NA,Fresh,Fem,9,9.3,NA,NA,0.00170,0.00217,9.3,9,NA,
TRUE,LW,TRUE,FALSE,Kate,NA,183,NA,NA,NA,NA,NA,Fresh,Male,13,13.2,NA,NA,0.00410,0.00456,13.2,13,NA,
TRUE,LW,TRUE,FALSE,Kate,NA,184,NA,NA,NA,NA,NA,Fresh,Fem,15,16.6,NA,NA,0.00800,0.00847,16.6,15,NA,
TRUE,LW,TRUE,FALSE,Kate,NA,185,NA,NA,NA,NA,NA,8SBF,Grav,NA,NA,15.3,NA,0.00890,0.00936,15.3,15,NA,
TRUE,LW,TRUE,FALSE,Kate,NA,186,NA,NA,NA,NA,NA,Fresh,Grav,13,14.4,NA,NA,0.00750,0.00796,14.4,13,NA,
TRUE,LW,TRUE,FALSE,Kate,NA,187,NA,NA,NA,NA,NA,Fresh,Grav,13,14.8,NA,NA,0.00490,0.00536,14.8,13,NA,
TRUE,LW,TRUE,FALSE,Kate,NA,188,NA,NA,NA,NA,NA,8SBF,Grav,NA,NA,14.7,NA,0.00830,0.00877,14.7,13,NA,
TRUE,LW,TRUE,FALSE,Kate,NA,189,NA,NA,NA,NA,NA,8SBF,Fem,NA,NA,13.4,NA,0.00730,0.00777,13.4,13,NA,
TRUE,LW,TRUE,FALSE,Kate,NA,190,NA,NA,NA,NA,NA,Fresh,Fem,7,8.6,NA,NA,0.00100,0.00147,8.6,7,NA,
FALSE,LW,TRUE,FALSE,Kate,NA,191,NA,NA,NA,NA,NA,Fresh,Juv,3,4.4,NA,NA,0.00013,0.00060,4.4,3,"excluded (weighs too much for length); pooled (avg of 3.7,4.0,5.5 mm)",
TRUE,LW,TRUE,FALSE,Kate,NA,192,NA,NA,NA,NA,NA,Fresh,Male,15,15.2,NA,NA,0.00830,0.00876,15.2,15,NA,
TRUE,LW,TRUE,FALSE,Kate,NA,193,NA,NA,NA,NA,NA,Fresh,Male,13,14.5,NA,NA,0.00480,0.00527,14.5,13,NA
TRUE,LW,TRUE,FALSE,Kate,NA,194,NA,NA,NA,NA,NA,8SBF,Grav,NA,NA,15.0,NA,0.01000,0.01047,15.0,15,NA
TRUE,LW,TRUE,FALSE,Kate,NA,195,NA,NA,NA,NA,NA,Fresh,Male,13,14.2,NA,NA,0.00550,0.00596,14.2,13,NA
TRUE,LW,TRUE,FALSE,Kate,NA,196,NA,NA,NA,NA,NA,Fresh,Male,13,14.9,NA,NA,0.00740,0.00787,14.9,13,NA
TRUE,LW,TRUE,FALSE,Kate,NA,197,NA,NA,NA,NA,NA,Fresh,Grav,13,14.6,NA,NA,0.00500,0.00547,14.6,13,NA
TRUE,LW,TRUE,FALSE,Kate,NA,198,NA,NA,NA,NA,NA,8SBF,Fem,NA,NA,12.0,NA,0.00530,0.00576,12.0,11,NA
TRUE,LW,TRUE,FALSE,Kate,NA,199,NA,NA,NA,NA,NA,8SBF,Male,NA,NA,14.3,NA,0.00980,0.01026,14.3,13,NA
TRUE,LW,TRUE,FALSE,Kate,NA,200,NA,NA,NA,NA,NA,Fresh,Grav,13,13.7,NA,NA,0.00630,0.00676,13.7,13,NA
FALSE,LW,TRUE,FALSE,Kate,NA,201,NA,NA,NA,NA,NA,8SBF,Fem,NA,NA,11.6,NA,0.01380,0.01427,11.6,11,excluded (weighs too much for length)
TRUE,LW,TRUE,FALSE,Kate,NA,202,NA,NA,NA,NA,NA,Fresh,Fem,17,18.3,NA,NA,0.01110,0.01157,18.3,17,NA
TRUE,LW,TRUE,FALSE,Kate,NA,203,NA,NA,NA,NA,NA,8SBF,Male,NA,NA,15.1,NA,0.01080,0.01127,15.1,15,NA
TRUE,LW,TRUE,FALSE,Kate,NA,204,NA,NA,NA,NA,NA,8SBF,Grav,NA,NA,14.0,NA,0.00930,0.00977,14.0,13,NA
TRUE,LW,TRUE,FALSE,Kate,NA,205,NA,NA,NA,NA,NA,8SBF,Male,NA,NA,14.6,NA,0.00880,0.00926,14.6,13,NA
TRUE,LW,TRUE,FALSE,Kate,NA,206,NA,NA,NA,NA,NA,8SBF,Male,NA,NA,14.8,NA,0.01010,0.01057,14.8,13,NA
TRUE,LW,TRUE,FALSE,Kate,NA,207,NA,NA,NA,NA,NA,Fresh,Male,15,15.7,NA,NA,0.00500,0.00547,15.7,15,NA
TRUE,LW,TRUE,FALSE,Kate,NA,208,NA,NA,NA,NA,NA,8SBF,Fem,NA,NA,16.9,NA,0.01450,0.01497,16.9,15,NA
TRUE,LW,TRUE,FALSE,Kate,NA,209,NA,NA,NA,NA,NA,Fresh,Fem,7,8.9,NA,NA,0.00100,0.00147,8.9,7,NA
TRUE,LW,TRUE,FALSE,Kate,NA,210,NA,NA,NA,NA,NA,Fresh,Grav,13,14.7,NA,NA,0.00780,0.00827,14.7,13,NA
TRUE,LW,TRUE,FALSE,Kate,NA,211,NA,NA,NA,NA,NA,8SBF,Fem,NA,NA,18.0,NA,0.01760,0.01806,18.0,17,NA
TRUE,LW,TRUE,FALSE,Kate,NA,212,NA,NA,NA,NA,NA,Fresh,Fem,17,18.1,NA,NA,0.01220,0.01267,18.1,17,NA
TRUE,LW,TRUE,FALSE,Kate,NA,213,NA,NA,NA,NA,NA,8SBF,Grav,NA,NA,13.7,NA,0.00750,0.00796,13.7,13,NA
TRUE,LW,TRUE,FALSE,Kate,NA,214,NA,NA,NA,NA,NA,8SBF,Male,NA,NA,12.9,NA,0.00630,0.00676,12.9,11,NA
TRUE,LW,TRUE,FALSE,Kate,NA,215,NA,NA,NA,NA,NA,8SBF,Male,NA,NA,13.3,NA,0.00740,0.00786,13.3,13,NA
TRUE,LW,TRUE,FALSE,Kate,NA,216,NA,NA,NA,NA,NA,Fresh,Grav,13,14.1,NA,NA,0.00550,0.00597,14.1,13,NA
TRUE,LW,TRUE,FALSE,Kate,NA,217,NA,NA,NA,NA,NA,Fresh,Fem,9,9.1,NA,NA,0.00220,0.00266,9.1,9,NA
TRUE,LW,TRUE,FALSE,Kate,NA,218,NA,NA,NA,NA,NA,8SBF,Grav,NA,NA,16.7,NA,0.01410,0.01457,16.7,15,NA
TRUE,LW,TRUE,FALSE,Kate,NA,219,NA,NA,NA,NA,NA,8SBF,Grav,NA,NA,16.0,NA,0.01060,0.01106,16.0,15,NA
TRUE,LW,TRUE,FALSE,Kate,NA,220,NA,NA,NA,NA,NA,Fresh,Grav,13,13.8,NA,NA,0.00700,0.00747,13.8,13,NA
TRUE,LW,TRUE,FALSE,Kate,NA,221,NA,NA,NA,NA,NA,8SBF,Grav,NA,NA,14.4,NA,0.00940,0.00987,14.4,13,NA
TRUE,LW,TRUE,FALSE,Kate,NA,222,NA,NA,NA,NA,NA,Fresh,Fem,15,16.8,NA,NA,0.00750,0.00797,16.8,15,NA
TRUE,LW,TRUE,FALSE,Kate,NA,223,NA,NA,NA,NA,NA,Fresh,Grav,17,17.5,NA,NA,0.00950,0.00997,17.5,17,NA
TRUE,LW,TRUE,FALSE,Kate,NA,224,NA,NA,NA,NA,NA,Fresh,Grav,15,16.6,NA,NA,0.00890,0.00937,16.6,15,NA
TRUE,LW,TRUE,FALSE,Kate,NA,225,NA,NA,NA,NA,NA,Fresh,Grav,15,16.7,NA,NA,0.00950,0.00997,16.7,15,NA
TRUE,LW,TRUE,FALSE,Kate,NA,226,NA,NA,NA,NA,NA,Fresh,Male,11,12.9,NA,NA,0.00270,0.00317,12.9,11,NA
TRUE,LW,TRUE,FALSE,Kate,NA,227,NA,NA,NA,NA,NA,8SBF,Grav,NA,NA,15.2,NA,0.01250,0.01297,15.2,15,NA
TRUE,LW,TRUE,FALSE,Kate,NA,228,NA,NA,NA,NA,NA,8SBF,Grav,NA,NA,17.9,NA,0.01580,0.01627,17.9,17,NA
FALSE,LW,TRUE,FALSE,Kate,NA,229,NA,NA,NA,NA,NA,Fresh,Male,15,15.2,NA,NA,NA,NA,15.2,15,weights not recorded for some reason
TRUE,LW,TRUE,FALSE,Kate,NA,230,NA,NA,NA,NA,NA,Fresh,Male,13,13.1,NA,NA,0.00600,0.00646,13.1,13,NA
TRUE,LW,TRUE,FALSE,Kate,NA,231,NA,NA,NA,NA,NA,8SBF,Male,NA,NA,13.2,NA,0.00680,0.00727,13.2,13,NA
TRUE,LW,TRUE,FALSE,Kate,NA,232,NA,NA,NA,NA,NA,8SBF,Male,NA,NA,12.8,NA,0.00640,0.00686,12.8,11,NA
TRUE,LW,TRUE,FALSE,Kate,NA,233,NA,NA,NA,NA,NA,Fresh,Male,11,12.8,NA,NA,0.00380,0.00427,12.8,11,NA
TRUE,LW,TRUE,FALSE,Kate,NA,234,NA,NA,NA,NA,NA,Fresh,Fem,13,13.4,NA,NA,0.00490,0.00536,13.4,13,NA
TRUE,LW,TRUE,FALSE,Kate,NA,235,NA,NA,NA,NA,NA,Fresh,Male,11,12.7,NA,NA,0.00480,0.00527,12.7,11,NA
TRUE,L,FALSE,TRUE,Kate,NA,303,NA,NA,NA,NA,NA,8SBF,Fem,11,11.0,10.7,10.6,NA,NA,NA,NA,NA
TRUE,L,FALSE,TRUE,Kate,NA,306,NA,NA,NA,NA,NA,8SBF,Fem,11,12.4,11.8,11.8,NA,NA,NA,NA,NA
TRUE,L,FALSE,TRUE,Kate,NA,309,NA,NA,NA,NA,NA,8SBF,Fem,9,10.9,9.9,9.9,NA,NA,NA,NA,NA
TRUE,L,FALSE,TRUE,Kate,NA,311,NA,NA,NA,NA,NA,8SBF,Fem,15,16.5,15.0,15.0,NA,NA,NA,NA,NA
TRUE,L,FALSE,TRUE,Kate,NA,321,NA,NA,NA,NA,NA,8SBF,Male,13,13.9,13.0,13.0,NA,NA,NA,NA,NA
TRUE,L,FALSE,TRUE,Kate,NA,327,NA,NA,NA,NA,NA,8SBF,Fem,11,11.7,10.6,10.6,NA,NA,NA,NA,NA
TRUE,L,FALSE,TRUE,Kate,NA,331,NA,NA,NA,NA,NA,8SBF,Male,13,14.2,12.1,12.1,NA,NA,NA,NA,NA
TRUE,L,FALSE,TRUE,Kate,NA,333,NA,NA,NA,NA,NA,8SBF,Fem,11,12.2,11.6,11.6,NA,NA,NA,NA,NA
TRUE,L,FALSE,TRUE,Kate,NA,334,NA,NA,NA,NA,NA,8SBF,Fem,9,10.0,9.7,9.7,NA,NA,NA,NA,NA
TRUE,L,FALSE,TRUE,Kate,NA,337,NA,NA,NA,NA,NA,8SBF,Male,11,11.4,11.3,11.3,NA,NA,NA,NA,NA
TRUE,L,FALSE,TRUE,Kate,NA,340,NA,NA,NA,NA,NA,8SBF,Fem,13,13.0,12.6,12.6,NA,NA,NA,NA,NA
TRUE,L,FALSE,TRUE,Kate,NA,341,NA,NA,NA,NA,NA,8SBF,Fem,11,12.7,12.2,12.2,NA,NA,NA,NA,NA
TRUE,L,FALSE,TRUE,Kate,NA,346,NA,NA,NA,NA,NA,8SBF,Fem,11,11.8,11.0,11.0,NA,NA,NA,NA,NA
TRUE,L,FALSE,TRUE,Kate,NA,348,NA,NA,NA,NA,NA,8SBF,Male,11,12.2,11.2,11.2,NA,NA,NA,NA,NA
TRUE,L,FALSE,TRUE,Kate,NA,352,NA,NA,NA,NA,NA,8SBF,Juv,3,4.0,3.6,3.6,NA,NA,NA,NA,NA
TRUE,L,FALSE,TRUE,Kate,NA,356,NA,NA,NA,NA,NA,8SBF,Juv,3,4.2,4.1,4.1,NA,NA,NA,NA,NA
TRUE,L,FALSE,TRUE,Kate,NA,358,NA,NA,NA,NA,NA,8SBF,Juv,3,4.1,3.7,3.7,NA,NA,NA,NA,NA
TRUE,L,FALSE,TRUE,Kate,NA,361,NA,NA,NA,NA,NA,8SBF,Juv,3,4.7,3.3,3.4,NA,NA,NA,NA,NA
TRUE,L,FALSE,TRUE,Kate,NA,367,NA,NA,NA,NA,NA,8SBF,Juv,5,5.5,5.2,5.2,NA,NA,NA,NA,NA
TRUE,L,FALSE,TRUE,Kate,NA,368,NA,NA,NA,NA,NA,8SBF,Juv,3,4.2,3.9,3.9,NA,NA,NA,NA,NA
TRUE,L,FALSE,TRUE,Kate,NA,371,NA,NA,NA,NA,NA,8SBF,Fem,9,10.9,10.5,10.5,NA,NA,NA,NA,NA
TRUE,L,FALSE,TRUE,Kate,NA,375,NA,NA,NA,NA,NA,8SBF,Juv,3,4.3,2.8,2.9,NA,NA,NA,NA,NA
TRUE,L,FALSE,TRUE,Kate,NA,378,NA,NA,NA,NA,NA,8SBF,Juv,3,3.6,3.2,3.2,NA,NA,NA,NA,NA
TRUE,L,FALSE,TRUE,Kate,NA,381,NA,NA,NA,NA,NA,8SBF,Juv,5,5.2,4.4,4.4,NA,NA,NA,NA,NA
TRUE,L,FALSE,TRUE,Kate,NA,383,NA,NA,NA,NA,NA,8SBF,Juv,3,3.4,3.2,3.2,NA,NA,NA,NA,NA
TRUE,L,FALSE,TRUE,Kate,NA,386,NA,NA,NA,NA,NA,8SBF,Fem,17,17.0,15.8,15.7,NA,NA,NA,NA,NA
TRUE,L,FALSE,TRUE,Kate,NA,389,NA,NA,NA,NA,NA,8SBF,Fem,15,15.1,14.6,14.7,NA,NA,NA,NA,NA
TRUE,L,FALSE,TRUE,Kate,NA,392,NA,NA,NA,NA,NA,8SBF,Male,11,11.3,10.5,10.5,NA,NA,NA,NA,NA
TRUE,L,FALSE,TRUE,Kate,NA,394,NA,NA,NA,NA,NA,8SBF,Male,11,11.5,10.7,10.7,NA,NA,NA,NA,NA
TRUE,L,FALSE,TRUE,Kate,NA,397,NA,NA,NA,NA,NA,8SBF,Male,11,11.5,10.9,10.9,NA,NA,NA,NA,NA
TRUE,L,FALSE,TRUE,Kate,NA,398,NA,NA,NA,NA,NA,8SBF,Male,9,10.8,10.6,10.6,NA,NA,NA,NA,NA
TRUE,L,FALSE,TRUE,Kate,NA,399,NA,NA,NA,NA,NA,8SBF,Male,11,11.5,10.3,10.4,NA,NA,NA,NA,NA
TRUE,L,FALSE,TRUE,Kate,NA,401,NA,NA,NA,NA,NA,8SBF,Juv,3,4.8,4.7,4.7,NA,NA,NA,NA,NA
TRUE,L,FALSE,TRUE,Kate,NA,403,NA,NA,NA,NA,NA,8SBF,Fem,13,14.3,12.5,12.5,NA,NA,NA,NA,NA
TRUE,L,FALSE,TRUE,Kate,NA,404,NA,NA,NA,NA,NA,8SBF,Fem,11,11.4,9.9,9.9,NA,NA,NA,NA,NA
TRUE,L,FALSE,TRUE,Kate,NA,408,NA,NA,NA,NA,NA,8SBF,Fem,11,12.4,10.4,10.4,NA,NA,NA,NA,NA
TRUE,L,FALSE,TRUE,Kate,NA,410,NA,NA,NA,NA,NA,8SBF,Fem,13,14.9,14.6,14.5,NA,NA,NA,NA,NA
TRUE,L,FALSE,TRUE,Kate,NA,417,NA,NA,NA,NA,NA,8SBF,Fem,13,14.9,14.4,14.4,NA,NA,NA,NA,NA
TRUE,L,FALSE,TRUE,Kate,NA,431,NA,NA,NA,NA,NA,8SBF,Fem,9,10.2,9.6,9.5,NA,NA,NA,NA,NA
TRUE,L,FALSE,TRUE,Kate,NA,434,NA,NA,NA,NA,NA,8SBF,Juv,5,6.0,5.0,5.0,NA,NA,NA,NA,NA
TRUE,L,FALSE,TRUE,Kate,NA,441,NA,NA,NA,NA,NA,8SBF,Fem,17,17.7,17.6,17.6,NA,NA,NA,NA,NA
TRUE,L,FALSE,TRUE,Kate,NA,442,NA,NA,NA,NA,NA,8SBF,Fem,15,16.3,15.7,15.8,NA,NA,NA,NA,NA
TRUE,L,FALSE,TRUE,Kate,NA,443,NA,NA,NA,NA,NA,8SBF,Fem,17,17.8,16.6,16.6,NA,NA,NA,NA,NA
TRUE,L,FALSE,TRUE,Kate,NA,445,NA,NA,NA,NA,NA,8SBF,Fem,13,14.6,13.2,13.2,NA,NA,NA,NA,NA
TRUE,L,FALSE,TRUE,Kate,NA,450,NA,NA,NA,NA,NA,8SBF,Fem,15,16.2,16.7,16.7,NA,NA,NA,NA,NA
TRUE,L,FALSE,TRUE,Kate,NA,452,NA,NA,NA,NA,NA,8SBF,Fem,13,14.4,13.6,13.5,NA,NA,NA,NA,NA
TRUE,L,FALSE,TRUE,Kate,NA,453,NA,NA,NA,NA,NA,8SBF,Fem,17,17.1,16.0,15.9,NA,NA,NA,NA,NA
TRUE,L,FALSE,TRUE,Kate,NA,454,NA,NA,NA,NA,NA,8SBF,Fem,17,18.1,17.2,17.2,NA,NA,NA,NA,NA
TRUE,L,FALSE,TRUE,Kate,NA,455,NA,NA,NA,NA,NA,8SBF,Male,11,11.1,10.2,10.2,NA,NA,NA,NA,NA
TRUE,L,FALSE,TRUE,Kate,NA,456,NA,NA,NA,NA,NA,8SBF,Male,11,11.2,10.4,10.4,NA,NA,NA,NA,NA
TRUE,L,FALSE,TRUE,Kate,NA,458,NA,NA,NA,NA,NA,8SBF,Fem,9,9.8,9.5,9.5,NA,NA,NA,NA,NA
TRUE,L,FALSE,TRUE,Kate,NA,460,NA,NA,NA,NA,NA,8SBF,Male,13,13.3,12.0,12.1,NA,NA,NA,NA,NA
TRUE,LW,TRUE,FALSE,EJ,2,501,501,DSCN00076,10/5/2006,21:17,Off 172,Fresh,Fem,15,15.6,NA,NA,0.00880,0.00928,15.6,15,NA
TRUE,LW,TRUE,FALSE,EJ,2,502,502,DSCN00076,10/5/2006,21:17,Off 172,Fresh,Fem,13,13.8,NA,NA,0.00700,0.00748,13.8,13,NA
TRUE,LW,TRUE,FALSE,EJ,2,503,503,DSCN00077,10/5/2006,21:17,Off 172,Fresh,Male,13,14.6,NA,NA,0.00750,0.00798,14.6,13,NA
TRUE,LW,TRUE,FALSE,EJ,2,504,504,DSCN00077,10/5/2006,21:17,Off 172,Fresh,Fem,9,9.2,NA,NA,0.00120,0.00168,9.2,9,NA
TRUE,LW,TRUE,FALSE,EJ,2,505,505,DSCN00078,10/5/2006,21:17,Off 172,Fresh,Fem,9,10.5,NA,NA,0.00130,0.00178,10.5,9,NA
TRUE,LW,TRUE,FALSE,EJ,2,506,506,DSCN00078,10/5/2006,21:17,Off 172,Fresh,Fem,7,8.7,NA,NA,0.00040,0.00088,8.7,7,NA
TRUE,"L,LW",TRUE,TRUE,EJ,1,507,507,DSCN00078,10/5/2006,21:17,Off 172,8BF,Fem,9,10.2,9.4,NA,0.00100,0.00177,9.4,9,NA
TRUE,"L,LW",TRUE,TRUE,EJ,1,508,7,DSCN00079,10/5/2006,21:17,Off 172,8BF,Juv,7,7.6,6.8,NA,0.00080,0.00080,6.8,5,"dry tin, no need for correction"
TRUE,"L,LW",TRUE,TRUE,EJ,1,509,509,DSCN00079,10/5/2006,21:17,Off 172,8BF,Juv,9,9.4,8.4,NA,0.00090,0.00167,8.4,7,NA
TRUE,"L,LW",TRUE,TRUE,EJ,1,510,7,DSCN00079,10/5/2006,21:17,Off 172,8BF,Juv,7,7.5,7.3,NA,0.00070,0.00070,7.3,7,"dry tin, no need for correction"
TRUE,"L,LW",TRUE,TRUE,EJ,1,511,7,DSCN00082,10/5/2006,21:17,Off 172,8BF,Juv,7,7.6,7.3,NA,0.00090,0.00090,7.3,7,"dry tin, no need for correction"
TRUE,"L,LW",TRUE,TRUE,EJ,1,512,7,DSCN00082,10/5/2006,21:17,Off 172,8BF,Juv,7,7.7,7.5,NA,0.00080,0.00080,7.5,7,"dry tin, no need for correction"
TRUE,"L,LW",TRUE,TRUE,EJ,1,513,7,DSCN00082,10/5/2006,21:17,Off 172,8BF,Juv,7,7.9,7.7,NA,0.00090,0.00090,7.7,7,"dry tin, no need for correction"
TRUE,LW,TRUE,FALSE,EJ,2,514,514,DSCN00084,10/5/2006,21:17,Off 172,Fresh,Male,11,12.0,NA,NA,0.00250,0.00298,12.0,11,NA
TRUE,LW,TRUE,FALSE,EJ,2,515,515,DSCN00084,10/5/2006,21:17,Off 172,Fresh,Male,11,11.4,NA,NA,0.00240,0.00288,11.4,11,NA
TRUE,LW,TRUE,FALSE,EJ,2,516,516,DSCN00084,10/5/2006,21:17,Off 172,Fresh,Male,11,11.8,NA,NA,0.00300,0.00348,11.8,11,NA
TRUE,"L,LW",TRUE,TRUE,EJ,1,517,517,DSCN00085,10/5/2006,21:17,Off 172,8BF,Fem,15,15.3,15.1,NA,0.00890,0.00967,15.1,15,NA
TRUE,LW,TRUE,FALSE,EJ,2,518,518,DSCN00085,10/5/2006,21:17,Off 172,Fresh,Fem,17,17.4,NA,NA,0.01080,0.01128,17.4,17,NA
TRUE,"L,LW",TRUE,TRUE,EJ,1,519,519,DSCN00085,10/5/2006,21:17,Off 172,8BF,Fem,15,16.0,15.8,NA,0.01000,0.01077,15.8,15,NA
TRUE,LW,TRUE,FALSE,EJ,2,520,520,DSCN00086,10/5/2006,21:17,Off 172,Fresh,Fem,9,10.9,NA,NA,0.00130,0.00178,10.9,9,NA
TRUE,LW,TRUE,FALSE,EJ,2,521,521,DSCN00086,10/5/2006,21:17,Off 172,Fresh,Fem,9,10.9,NA,NA,0.00220,0.00268,10.9,9,NA
TRUE,"L,LW",TRUE,TRUE,EJ,1,522,522,DSCN00086,10/5/2006,21:17,Off 172,8BF,Fem,9,10.5,9.8,NA,0.00050,0.00127,9.8,9,NA
TRUE,LW,TRUE,FALSE,EJ,2,523,523,523fresh_male,10/10/2006,19:26,Start of Grid 1409,Fresh,Male,11,12.8,NA,NA,0.00300,0.00348,12.8,11,NA
TRUE,LW,TRUE,FALSE,EJ,2,524,524,524fresh_female,10/10/2006,19:26,Start of Grid 1409,Fresh,Fem,11,12.1,NA,NA,0.00360,0.00408,12.1,11,NA
TRUE,LW,TRUE,FALSE,EJ,2,525,525,525fresh_female,10/10/2006,19:26,Start of Grid 1409,Fresh,Fem,11,11.2,NA,NA,0.00340,0.00388,11.2,11,NA
TRUE,LW,TRUE,FALSE,EJ,2,526,526,526fresh_female,10/10/2006,19:26,Start of Grid 1409,Fresh,Fem,9,9.0,NA,NA,0.00100,0.00148,9.0,9,NA
TRUE,LW,TRUE,FALSE,EJ,2,527,527,527fresh_female,10/10/2006,19:26,Start of Grid 1409,Fresh,Fem,9,10.9,NA,NA,0.00290,0.00338,10.9,9,NA
TRUE,LW,TRUE,FALSE,EJ,2,528,528,528fresh_gravid,10/11/2006,3:15,Grid 1409,Fresh,Grav,17,18.2,NA,NA,0.01420,0.01468,18.2,17,NA
TRUE,LW,TRUE,FALSE,EJ,2,529,529,529fresh_female,10/11/2006,3:15,Grid 1409,Fresh,Fem,9,9.6,NA,NA,0.00140,0.00188,9.6,9,NA
TRUE,LW,TRUE,FALSE,EJ,2,530,530,530fresh_male,10/11/2006,3:15,Grid 1409,Fresh,Male,9,10.5,NA,NA,0.00140,0.00188,10.5,9,NA
TRUE,"L,LW",TRUE,TRUE,EJ,1,531,7,531preserve_juvenile,10/11/2006,3:15,Grid 1409,8BF,Juv,7,7.1,6.8,NA,0.00100,0.00100,6.8,5,"dry tin, no need for correction"
TRUE,"L,LW",TRUE,TRUE,EJ,1,532,7,532preserve_juvenile,10/11/2006,3:15,Grid 1409,8BF,Juv,7,8.1,7.9,NA,0.00110,0.00110,7.9,7,"dry tin, no need for correction"
TRUE,LW,TRUE,FALSE,EJ,2,533,533,533fresh_female,10/11/2006,3:15,Grid 1409,Fresh,Fem,11,12.9,NA,NA,0.00460,0.00508,12.9,11,NA
TRUE,LW,TRUE,FALSE,EJ,2,534,534,534fresh_male,10/11/2006,3:15,Grid 1409,Fresh,Male,11,11.6,NA,NA,0.00290,0.00338,11.6,11,NA
TRUE,"L,LW",TRUE,TRUE,EJ,1,535,7,535preserve_juvenile,10/11/2006,3:15,Grid 1409,8BF,Juv,7,7.7,7.0,NA,0.00070,0.00070,7.0,7,"dry tin, no need for correction"
TRUE,LW,TRUE,FALSE,EJ,2,536,536,536fresh_female,10/11/2006,3:15,Grid 1409,Fresh,Fem,9,9.3,NA,NA,0.00190,0.00238,9.3,9,NA
TRUE,LW,TRUE,FALSE,EJ,2,537,537,537fresh_male,10/11/2006,3:15,Grid 1409,Fresh,Male,11,11.0,NA,NA,0.00260,0.00308,11.0,11,NA
TRUE,LW,TRUE,FALSE,EJ,2,538,538,538fresh_male,10/11/2006,3:15,Grid 1409,Fresh,Male,9,10.9,NA,NA,0.00200,0.00248,10.9,9,NA
TRUE,"L,LW",TRUE,TRUE,EJ,1,539,539,539preserve_female,10/11/2006,3:15,Grid 1409,8BF,Fem,9,9.9,9.8,NA,0.00140,0.00217,9.8,9,NA
TRUE,"L,LW",TRUE,TRUE,EJ,1,540,540,540preserve_female,10/11/2006,3:15,Grid 1409,8BF,Fem,9,9.2,8.9,NA,0.00060,0.00137,8.9,7,NA
TRUE,LW,TRUE,FALSE,EJ,2,541,541,541fresh-female,10/11/2006,3:15,Grid 1409,Fresh,Male,11,12.2,NA,NA,0.00400,0.00448,12.2,11,NA
TRUE,"L,LW",TRUE,TRUE,EJ,1,542,542,542preserve_female,10/11/2006,3:15,Grid 1409,8BF,Fem,9,10.3,9.8,NA,0.00160,0.00237,9.8,9,NA
TRUE,"L,LW",TRUE,TRUE,EJ,1,543,543,543preserve_female,10/11/2006,3:15,Grid 1409,8BF,Fem,9,10.0,9.6,NA,0.00170,0.00247,9.6,9,NA
TRUE,LW,TRUE,FALSE,EJ,2,544,544,544fresh_female,10/11/2006,3:15,Grid 1409,Fresh,Fem,15,16.7,NA,NA,0.01000,0.01048,16.7,15,NA
TRUE,LW,TRUE,FALSE,EJ,2,545,545,545fresh_female,10/11/2006,3:15,Grid 1409,Fresh,Fem,13,13.8,NA,NA,0.00530,0.00578,13.8,13,NA
TRUE,LW,TRUE,FALSE,EJ,2,546,546,546fresh_female,10/11/2006,3:15,Grid 1409,Fresh,Fem,11,11.9,NA,NA,0.00340,0.00388,11.9,11,NA
TRUE,"L,LW",TRUE,TRUE,EJ,1,547,547,547preserve_juvenile,10/11/2006,3:15,Grid 1409,8BF,Juv,9,9.1,8.7,NA,0.00110,0.00187,8.7,7,NA
TRUE,"L,LW",TRUE,TRUE,EJ,1,548,548,548preserve_female,10/11/2006,3:15,Grid 1409,8BF,Fem,11,11.0,10.6,NA,0.00260,0.00337,10.6,9,NA
FALSE,LW,TRUE,FALSE,EJ,2,549,549,549fresh_male,10/11/2006,3:15,Grid 1409,Fresh,Male,11,12.9,NA,NA,0.01450,0.01498,12.9,11,excluded b/c weighs too much for length
TRUE,"L,LW",TRUE,TRUE,EJ,1,550,7,550preserve_juvenile,10/11/2006,3:15,Grid 1409,8BF,Juv,7,8.4,8.1,NA,0.00110,0.00110,8.1,7,"dry tin, no need for correction"
TRUE,"L,LW",TRUE,TRUE,EJ,1,551,551,551preserve_juvenile,10/11/2006,3:15,Grid 1409,8BF,Juv,9,9.1,9.0,NA,0.00100,0.00177,9.0,9,NA
TRUE,LW,TRUE,FALSE,EJ,2,552,552,552fresh_male,10/11/2006,3:15,Grid 1409,Fresh,Male,11,11.1,NA,NA,0.00320,0.00368,11.1,11,NA
TRUE,LW,TRUE,FALSE,EJ,2,553,553,553fresh_juvenile,10/11/2006,3:15,Grid 1409,Fresh,Juv,5,6.2,NA,NA,0.00037,0.00085,6.2,5,"pooled (avg of 6.0,6.2,6.3 mm)"
TRUE,LW,TRUE,FALSE,EJ,2,554,581,554fresh_juvenile,10/11/2006,3:15,Grid 1409,Fresh,Juv,5,6.9,NA,NA,0.00065,0.00113,6.9,5,"pooled (avg of 6.9,6.9 mm)"
TRUE,LW,TRUE,FALSE,EJ,2,555,555,555fresh_female,10/11/2006,3:15,Grid 1409,Fresh,Fem,11,12.6,NA,NA,0.00450,0.00498,12.6,11,NA
TRUE,LW,TRUE,FALSE,EJ,2,556,556,556fresh_female,10/11/2006,3:15,Grid 1409,Fresh,Fem,11,12.8,NA,NA,0.00390,0.00438,12.8,11,NA
TRUE,LW,TRUE,FALSE,EJ,2,557,557,557fresh_male,10/11/2006,3:15,Grid 1409,Fresh,Male,9,10.9,NA,NA,0.00250,0.00298,10.9,9,NA
TRUE,LW,TRUE,FALSE,EJ,2,558,558,558fresh_female,10/11/2006,3:15,Grid 1409,Fresh,Fem,13,13.6,NA,NA,0.00460,0.00508,13.6,13,NA
TRUE,"L,LW",TRUE,TRUE,EJ,1,559,559,559preserve_female,10/11/2006,3:15,Grid 1409,8BF,Fem,9,10.2,10.1,NA,0.00170,0.00247,10.1,9,NA
TRUE,LW,TRUE,FALSE,EJ,2,561,561,561fresh_male,10/11/2006,3:15,Grid 1409,Fresh,Male,9,10.3,NA,NA,0.00190,0.00238,10.3,9,NA
TRUE,LW,TRUE,FALSE,EJ,2,562,562,562fresh_female,10/11/2006,3:15,Grid 1409,Fresh,Fem,11,11.5,NA,NA,0.00320,0.00368,11.5,11,NA
TRUE,"L,LW",TRUE,TRUE,EJ,1,563,563,563preserve_female,10/11/2006,3:15,Grid 1409,8BF,Fem,9,9.7,9.3,NA,0.00120,0.00197,9.3,9,NA
TRUE,LW,TRUE,FALSE,EJ,2,564,564,564fresh_male,10/11/2006,3:15,Grid 1409,Fresh,Male,9,10.7,NA,NA,0.00290,0.00338,10.7,9,NA
TRUE,LW,TRUE,FALSE,EJ,2,566,566,566fresh-male,10/11/2006,3:15,Grid 1409,Fresh,Male,9,9.7,NA,NA,0.00190,0.00238,9.7,9,NA
TRUE,"L,LW",TRUE,TRUE,EJ,1,567,567,567preserve_female,10/11/2006,3:15,Grid 1409,8BF,Fem,13,13.8,13.2,NA,0.00460,0.00537,13.2,13,NA
TRUE,LW,TRUE,FALSE,EJ,2,568,568,568fresh_male,10/11/2006,3:15,Grid 1409,Fresh,Male,9,10.9,NA,NA,0.00300,0.00348,10.9,9,NA,
TRUE,"L,LW",TRUE,TRUE,EJ,1,569,569,569preserve_female,10/11/2006,3:15,Grid 1409,8BF,Fem,9,10.7,10.6,NA,0.00130,0.00207,10.6,9,NA,
TRUE,"L,LW",TRUE,TRUE,EJ,1,570,570,570preserve_female,10/11/2006,3:15,Grid 1409,8BF,Fem,9,10.0,9.8,NA,0.00150,0.00227,9.8,9,NA,
TRUE,LW,TRUE,FALSE,EJ,2,571,571,571fresh_male,10/11/2006,3:15,Grid 1409,Fresh,Male,9,10.5,NA,NA,0.00230,0.00278,10.5,9,NA,
TRUE,"L,LW",TRUE,TRUE,EJ,1,572,572,572preserve_female,10/11/2006,3:15,Grid 1409,8BF,Fem,9,9.6,9.2,NA,0.00120,0.00197,9.2,9,NA,
TRUE,LW,TRUE,FALSE,EJ,2,573,584,573fresh_juvenile,10/11/2006,3:15,Grid 1409,Fresh,Juv,3,5.0,NA,NA,0.00007,0.00055,5.0,5,"pooled (avg of 4.5,5.1,5.4 mm)",
TRUE,LW,TRUE,FALSE,EJ,2,574,574,574fresh_female,10/11/2006,3:15,Grid 1409,Fresh,Fem,11,12.8,NA,NA,0.00410,0.00458,12.8,11,NA,
TRUE,LW,TRUE,FALSE,EJ,2,575,657,575fresh_juvenile,10/11/2006,3:15,Grid 1409,Fresh,Juv,5,6.8,NA,NA,0.00050,0.00098,6.8,5,"pooled (avg of 6.8,6.8,6.8 mm)",
TRUE,LW,TRUE,FALSE,EJ,2,576,576,576fresh_male,10/11/2006,3:15,Grid 1409,Fresh,Male,9,9.7,NA,NA,0.00120,0.00168,9.7,9,NA,
TRUE,"L,LW",TRUE,TRUE,EJ,1,577,577,577preserve_male,10/11/2006,3:15,Grid 1409,8BF,Male,11,11.0,10.9,NA,0.00200,0.00277,10.9,9,NA,
TRUE,"L,LW",TRUE,TRUE,EJ,1,578,578,578preserve_male,10/11/2006,3:15,Grid 1409,8BF,Male,11,11.3,11.3,NA,0.00240,0.00317,11.3,11,NA,
TRUE,"L,LW",TRUE,TRUE,EJ,1,579,579,579preserve_female,10/11/2006,3:15,Grid 1409,8BF,Fem,11,11.6,11.4,NA,0.00200,0.00277,11.4,11,NA,
TRUE,"L,LW",TRUE,TRUE,EJ,1,583,583,583preserve-male,10/11/2006,3:15,Grid 1409,8BF,Male,9,10.4,10.4,NA,0.00210,0.00287,10.4,9,NA,
TRUE,"L,LW",TRUE,TRUE,EJ,2,585,585,585_10/20/06,10/20/2006,3:00,171,8BF,Fem,15,15.3,15.1,NA,0.00900,0.00948,15.1,15,NA,
TRUE,"L,LW",TRUE,TRUE,EJ,2,586,586,586_10/20/06,10/20/2006,3:00,171,8BF,Fem,15,15.6,15.5,NA,0.00800,0.00848,15.5,15,NA,
TRUE,"L,LW",TRUE,TRUE,EJ,2,587,587,587_10/20/06,10/20/2006,3:00,171,8BF,Fem,11,16.0,16.0,NA,0.01100,0.01148,16.0,15,NA,
TRUE,LW,TRUE,FALSE,EJ,2,588,588,588_10/20/06,10/20/2006,3:00,171,Fresh,Male,11,12.3,NA,NA,0.00310,0.00358,12.3,11,NA
TRUE,"L,LW",TRUE,TRUE,EJ,2,589,589,589_10/20/06,10/20/2006,3:00,171,8SBF,Male,11,12.2,12.2,NA,0.00510,0.00558,12.2,11,NA
TRUE,"L,LW",TRUE,TRUE,EJ,2,590,590,590_10/20/06,10/20/2006,3:00,171,8SBF,Male,13,13.7,13.2,NA,0.00620,0.00668,13.2,13,NA
TRUE,"L,LW",TRUE,TRUE,EJ,2,591,591,591_10/20/06,10/20/2006,3:00,171,8SBF,Male,13,13.7,13.6,NA,0.00600,0.00648,13.6,13,NA
TRUE,"L,LW",TRUE,TRUE,EJ,2,592,592,592_10/20/06,10/20/2006,3:00,171,8BF,Male,13,14.2,14.2,NA,0.00620,0.00668,14.2,13,NA
TRUE,"L,LW",TRUE,TRUE,EJ,2,593,593,593_10/20/06,10/20/2006,3:00,171,8BF,Fem,11,12.1,12.3,NA,0.00340,0.00388,12.3,11,NA
TRUE,"L,LW",TRUE,TRUE,EJ,2,594,594,594_10/20/06,10/20/2006,3:00,171,8BF,Male,11,11.6,11.7,NA,0.00350,0.00398,11.7,11,NA
TRUE,"L,LW",TRUE,TRUE,EJ,2,595,595,595_10/20/06,10/20/2006,3:00,171,8SBF,Fem,11,12.4,13.1,NA,0.00540,0.00588,13.1,13,NA
TRUE,"L,LW",TRUE,TRUE,EJ,2,596,596,596_10/20/06,10/20/2006,3:00,171,8BF,Male,11,12.9,12.7,NA,0.00430,0.00478,12.7,11,NA
TRUE,"L,LW",TRUE,TRUE,EJ,2,597,597,597_10/20/06,10/20/2006,3:00,171,8BF,Fem,13,13.6,13.7,NA,0.00560,0.00608,13.7,13,NA
TRUE,"L,LW",TRUE,TRUE,EJ,2,598,598,598_10/20/06,10/20/2006,3:00,171,8BF,Fem,13,14.3,14.3,NA,0.00600,0.00648,14.3,13,NA
TRUE,"L,LW",TRUE,TRUE,EJ,2,599,599,599_10/20/06,10/20/2006,3:00,171,8SBF,Juv,9,9.4,9.4,NA,0.00180,0.00228,9.4,9,NA
TRUE,"L,LW",TRUE,TRUE,EJ,2,600,600,600_10/20/06,10/20/2006,3:00,171,8SBF,Juv,9,10.0,9.9,NA,0.00260,0.00308,9.9,9,NA
TRUE,"L,LW",TRUE,TRUE,EJ,2,601,601,601_10/20/06,10/20/2006,3:00,171,8SBF,Juv,7,8.6,8.6,NA,0.00160,0.00208,8.6,7,NA
TRUE,LW,TRUE,FALSE,EJ,2,602,602,602_10/20/06,10/20/2006,3:00,171,Fresh,Grav,15,16.0,NA,NA,0.00900,0.00948,16.0,15,NA
TRUE,LW,TRUE,FALSE,EJ,2,603,603,603_10/20/06,10/20/2006,3:00,171,Fresh,Grav,13,14.3,NA,NA,0.00660,0.00708,14.3,13,NA
FALSE,"L,LW",TRUE,TRUE,EJ,2,604,604,604_10/20/06,10/20/2006,3:00,171,8SBF,Fem,15,16.1,16.1,NA,0.01370,0.01418,16.1,15,excluded b/c weighs too much for length
TRUE,"L,LW",TRUE,TRUE,EJ,2,605,605,605_10/20/06,10/20/2006,3:00,171,8BF,Fem,13,14.7,14.5,NA,0.00650,0.00698,14.5,13,NA
TRUE,"L,LW",TRUE,TRUE,EJ,2,606,606,606_10/20/06,10/20/2006,3:00,171,8BF,Male,13,13.8,13.7,NA,0.00640,0.00688,13.7,13,NA
TRUE,"L,LW",TRUE,TRUE,EJ,2,607,607,607_10/20/06,10/20/2006,3:00,171,8BF,Male,13,14.4,14.4,NA,0.00640,0.00688,14.4,13,NA
TRUE,"L,LW",TRUE,TRUE,EJ,2,608,608,608_10/20/06,10/20/2006,3:00,171,8BF,Male,13,13.2,13.0,NA,0.00480,0.00528,13.0,13,NA
TRUE,"L,LW",TRUE,TRUE,EJ,2,609,609,609_10/20/06,10/20/2006,3:00,171,8SBF,Male,13,13.7,13.8,NA,0.00680,0.00728,13.8,13,NA
TRUE,LW,TRUE,FALSE,EJ,2,610,610,610_10/20/06,10/20/2006,3:00,171,Fresh,Grav,13,14.7,NA,NA,0.00780,0.00828,14.7,13,NA
TRUE,"L,LW",TRUE,TRUE,EJ,2,611,611,611_10/20/06,10/20/2006,3:00,171,8BF,Male,13,14.5,14.6,NA,0.00590,0.00638,14.6,13,NA
TRUE,"L,LW",TRUE,TRUE,EJ,2,612,612,612_10/20/06,10/20/2006,3:00,171,8SBF,Male,11,12.8,12.3,NA,0.00570,0.00618,12.3,11,NA
TRUE,"L,LW",TRUE,TRUE,EJ,2,613,613,613_10/20/06,10/20/2006,3:00,171,8BF,Male,13,13.5,13.3,NA,0.00460,0.00508,13.3,13,NA
TRUE,"L,LW",TRUE,TRUE,EJ,2,614,614,614_10/20/06,10/20/2006,3:00,171,8SBF,Male,13,13.1,13.1,NA,0.00620,0.00668,13.1,13,NA
TRUE,"L,LW",TRUE,TRUE,EJ,2,615,615,615_10/20/06,10/20/2006,3:00,171,8BF,Male,13,14.5,14.3,NA,0.00700,0.00748,14.3,13,NA
TRUE,"L,LW",TRUE,TRUE,EJ,2,616,616,616_10/20/06,10/20/2006,3:00,171,8BF,Male,13,14.1,13.9,NA,0.00420,0.00468,13.9,13,NA
TRUE,"L,LW",TRUE,TRUE,EJ,2,617,617,617_10/20/06,10/20/2006,3:00,171,8BF,Male,13,13.1,13.1,NA,0.00490,0.00538,13.1,13,NA
TRUE,"L,LW",TRUE,TRUE,EJ,2,618,618,618_10/20/06,10/20/2006,3:00,171,8SBF,Male,13,13.4,13.6,NA,0.00740,0.00788,13.6,13,NA
TRUE,"L,LW",TRUE,TRUE,EJ,2,619,619,619_10/20/06,10/20/2006,3:00,171,8BF,Male,11,12.8,12.5,NA,0.00390,0.00438,12.5,11,NA
TRUE,"L,LW",TRUE,TRUE,EJ,2,620,620,620_10/20/06,10/20/2006,3:00,171,8SBF,Male,13,13.9,13.9,NA,0.00770,0.00818,13.9,13,NA
TRUE,"L,LW",TRUE,TRUE,EJ,2,621,621,621_10/20/06,10/20/2006,3:00,171,8BF,Male,13,13.1,13.1,NA,0.00360,0.00408,13.1,13,NA
TRUE,"L,LW",TRUE,TRUE,EJ,2,622,622,622_10/20/06,10/20/2006,3:00,171,8BF,Fem,13,14.3,14.0,NA,0.00400,0.00448,14.0,13,NA
TRUE,"L,LW",TRUE,TRUE,EJ,2,623,623,623_10/20/06,10/20/2006,3:00,171,8BF,Male,13,14.5,14.3,NA,0.00490,0.00538,14.3,13,NA
TRUE,"L,LW",TRUE,TRUE,EJ,2,624,624,624_10/20/06,10/20/2006,3:00,171,8BF,Male,13,13.1,12.8,NA,0.00420,0.00468,12.8,11,NA
TRUE,"L,LW",TRUE,TRUE,EJ,2,625,625,625_10/20/06,10/20/2006,3:00,171,8SBF,Fem,9,10.6,10.6,NA,0.00340,0.00388,10.6,9,NA
TRUE,"L,LW",TRUE,TRUE,EJ,2,626,626,626_10/20/06,10/20/2006,3:00,171,8SBF,Fem,9,9.1,9.0,NA,0.00180,0.00228,9.0,9,NA
TRUE,"L,LW",TRUE,TRUE,EJ,2,627,627,627_10/20/06,10/20/2006,3:00,171,8SBF,Fem,11,12.0,11.7,NA,0.00420,0.00468,11.7,11,NA
TRUE,"L,LW",TRUE,TRUE,EJ,2,628,628,628_10/20/06,10/20/2006,3:00,171,8SBF,Fem,9,9.5,9.2,NA,0.00150,0.00198,9.2,9,NA
TRUE,"L,LW",TRUE,TRUE,EJ,2,629,629,629_10/20/06,10/20/2006,3:00,171,8SBF,Fem,9,9.6,9.5,NA,0.00200,0.00248,9.5,9,NA
TRUE,"L,LW",TRUE,TRUE,EJ,2,630,630,630_10/20/06,10/20/2006,3:00,171,8SBF,Fem,9,10.0,9.7,NA,0.00230,0.00278,9.7,9,NA
TRUE,"L,LW",TRUE,TRUE,EJ,2,631,631,631_10/20/06,10/20/2006,3:00,171,8SBF,Fem,9,9.8,9.7,NA,0.00280,0.00328,9.7,9,NA
TRUE,"L,LW",TRUE,TRUE,EJ,2,632,632,632_10/20/06,10/20/2006,3:00,171,8SBF,Fem,9,10.2,10.2,NA,0.00250,0.00298,10.2,9,NA
TRUE,"L,LW",TRUE,TRUE,EJ,2,633,633,633_10/20/06,10/20/2006,3:00,171,8SBF,Fem,9,9.6,9.3,NA,0.00190,0.00238,9.3,9,NA
TRUE,"L,LW",TRUE,TRUE,EJ,2,634,634,634_10/20/06,10/20/2006,3:00,171,8SBF,Fem,7,8.7,8.7,NA,0.00210,0.00258,8.7,7,NA
TRUE,"L,LW",TRUE,TRUE,EJ,2,635,635,635_10/20/06,10/20/2006,3:00,171,8SBF,Fem,7,8.3,8.3,NA,0.00160,0.00208,8.3,7,NA
TRUE,"L,LW",TRUE,TRUE,EJ,2,636,636,636_10/20/06,10/20/2006,3:00,171,8SBF,Fem,9,9.3,9.3,NA,0.00230,0.00278,9.3,9,NA
TRUE,"L,LW",TRUE,TRUE,EJ,2,637,637,637_10/20/06,10/20/2006,3:00,171,8SBF,Juv,7,8.4,8.2,NA,0.00120,0.00168,8.2,7,NA
TRUE,"L,LW",TRUE,TRUE,EJ,2,638,638,638_10/20/06,10/20/2006,3:00,171,8SBF,Fem,9,9.0,8.9,NA,0.00170,0.00218,8.9,7,NA
TRUE,"L,LW",TRUE,TRUE,EJ,2,639,639,639_10/20/06,10/20/2006,3:00,171,8SBF,Juv,9,9.2,9.0,NA,0.00200,0.00248,9.0,9,NA
TRUE,"L,LW",TRUE,TRUE,EJ,2,640,640,640_10/20/06,10/20/2006,3:00,171,8SBF,Juv,7,8.2,8.2,NA,0.00160,0.00208,8.2,7,NA
TRUE,LW,TRUE,FALSE,EJ,2,641,641,641_10/20/06,10/20/2006,3:00,171,Fresh,Juv,5,NA,NA,NA,-0.00030,0.00018,NA,NA,image corrupt
TRUE,LW,TRUE,FALSE,EJ,2,642,642,642_10/20/06,10/20/2006,3:00,171,Fresh,Juv,7,7.5,NA,NA,0.00060,0.00108,7.5,7,NA
TRUE,LW,TRUE,FALSE,EJ,2,643,643,643_10/20/06,10/20/2006,3:00,171,Fresh,Juv,7,8.8,NA,NA,0.00120,0.00168,8.8,7,NA
TRUE,LW,TRUE,FALSE,EJ,2,644,644,644_10/20/06,10/20/2006,3:00,171,Fresh,Juv,7,7.7,NA,NA,0.00060,0.00108,7.7,7,NA
FALSE,LW,TRUE,FALSE,EJ,2,645,645,645_10/20/06,10/20/2006,3:00,171,Fresh,Juv,7,7.9,NA,NA,-0.00040,0.00008,7.9,7,excluded b/c weighs too little for length
TRUE,"L,LW",TRUE,TRUE,EJ,2,646,646,646_10/20/06,10/20/2006,3:00,171,8SBF,Juv,7,8.5,7.9,NA,0.00100,0.00148,7.9,7,NA
TRUE,"L,LW",TRUE,TRUE,EJ,2,647,647,647_10/20/06,10/20/2006,3:00,171,8SBF,Juv,7,8.6,8.6,NA,0.00130,0.00178,8.6,7,NA
TRUE,"L,LW",TRUE,TRUE,EJ,2,648,648,648_10/20/06,10/20/2006,3:00,171,8SBF,Juv,7,8.3,8.0,NA,0.00110,0.00158,8.0,7,NA
TRUE,LW,TRUE,FALSE,EJ,2,649,649,649_10/20/06,10/20/2006,3:00,171,Fresh,Juv,7,7.7,NA,NA,0.00040,0.00088,7.7,7,NA
FALSE,LW,TRUE,FALSE,EJ,2,650,650,650_10/20/06,10/20/2006,3:00,171,Fresh,Juv,7,7.3,NA,NA,-0.00030,0.00018,7.3,7,excluded b/c weighs too little for length
TRUE,"L,LW",TRUE,TRUE,EJ,2,651,651,651_10/20/06,10/20/2006,3:00,171,8SBF,Juv,9,9.2,8.7,NA,0.00170,0.00218,8.7,7,NA
TRUE,LW,TRUE,FALSE,EJ,2,652,652,652_10/20/06,10/20/2006,3:00,171,Fresh,Juv,7,7.1,NA,NA,-0.00010,0.00038,7.1,7,NA,
TRUE,LW,TRUE,FALSE,EJ,2,653,653,653_10/20/06,10/20/2006,3:00,171,Fresh,Juv,7,8.6,NA,NA,0.00100,0.00148,8.6,7,NA,
TRUE,"L,LW",TRUE,TRUE,EJ,2,654,654,654_10/20/06,10/20/2006,3:00,171,8SBF,Juv,7,8.0,7.9,NA,0.00100,0.00148,7.9,7,NA,
TRUE,"L,LW",TRUE,TRUE,EJ,2,655,655,655_10/20/06,10/20/2006,3:00,171,8SBF,Juv,7,7.5,7.5,NA,0.00080,0.00128,7.5,7,NA,
TRUE,LW,TRUE,FALSE,EJ,2,656,656,656_10/20/06,10/20/2006,3:00,171,Fresh,Juv,7,7.7,NA,NA,0.00050,0.00098,7.7,7,NA,
TRUE,LW,TRUE,FALSE,EJ,2,658,658,no individual pic,10/17/2006,NA,Limn_171,8SBF,Fem,15,NA,16.0,NA,0.01150,0.01198,16.0,15,"changed purpose to LW (from L,LW) b/c no fresh length was recorded",
TRUE,LW,TRUE,FALSE,EJ,2,659,659,no individual pic,10/17/2006,NA,Limn_171,8SBF,Grav,13,NA,14.4,NA,0.00780,0.00828,14.4,13,"changed purpose to LW (from L,LW) b/c no fresh length was recorded",
TRUE,LW,TRUE,FALSE,EJ,2,660,660,no individual pic,10/17/2006,NA,Limn_171,8SBF,Male,11,NA,12.7,NA,0.00580,0.00628,12.7,11,"changed purpose to LW (from L,LW) b/c no fresh length was recorded",
TRUE,LW,TRUE,FALSE,EJ,2,661,661,no individual pic,10/17/2006,NA,Limn_171,8SBF,Fem,15,NA,15.5,NA,0.01120,0.01168,15.5,15,"changed purpose to LW (from L,LW) b/c no fresh length was recorded",
TRUE,LW,TRUE,FALSE,EJ,2,662,662,no individual pic,10/17/2006,NA,Limn_171,8SBF,Juv,7,NA,7.4,NA,0.00170,0.00218,7.4,7,"changed purpose to LW (from L,LW) b/c no fresh length was recorded",
TRUE,LW,TRUE,FALSE,EJ,2,663,663,no individual pic,10/17/2006,NA,Limn_171,8SBF,Juv,7,NA,8.4,NA,0.00130,0.00178,8.4,7,"changed purpose to LW (from L,LW) b/c no fresh length was recorded",
TRUE,LW,TRUE,FALSE,EJ,2,664,664,no individual pic,10/17/2006,NA,Limn_171,8SBF,Juv,7,NA,8.8,NA,0.00140,0.00188,8.8,7,"changed purpose to LW (from L,LW) b/c no fresh length was recorded",
TRUE,LW,TRUE,FALSE,EJ,2,665,665,no individual pic,10/17/2006,NA,Limn_171,8SBF,Juv,5,NA,5.4,NA,0.00053,0.00101,5.4,5,"pooled (avg of 5.4,5.4,5.3 mm); changed purpose to LW (from L,LW) b/c no fresh length was recorded",
TRUE,LW,TRUE,FALSE,EJ,2,666,666,no individual pic,10/17/2006,NA,Limn_171,8SBF,Juv,5,NA,6.4,NA,0.00063,0.00111,6.4,5,"pooled (avg of 6.5,6.4,6.4 mm); changed purpose to LW (from L,LW) b/c no fresh length was recorded",
TRUE,LW,TRUE,FALSE,EJ,2,668,668,no individual pic,10/17/2006,NA,Limn_171,8SBF,Juv,5,NA,6.6,NA,0.00080,0.00128,6.6,5,"pooled (avg of 6.8,6.2,6.8 mm); changed purpose to LW (from L,LW) b/c no fresh length was recorded",
TRUE,LW,TRUE,FALSE,EJ,2,671,671,no individual pic,10/17/2006,NA,Limn_171,8SBF,Juv,5,NA,6.1,NA,0.00070,0.00118,6.1,5,"pooled (avg of 6.2,6.1,6.1 mm); changed purpose to LW (from L,LW) b/c no fresh length was recorded",
TRUE,LW,TRUE,FALSE,EJ,2,672,672,no individual pic,10/17/2006,NA,Limn_171,8SBF,Grav,17,NA,17.2,NA,0.01600,0.01648,17.2,17,"changed purpose to LW (from L,LW) b/c no fresh length was recorded"
TRUE,LW,TRUE,FALSE,EJ,2,673,673,no individual pic,10/17/2006,NA,Limn_171,8SBF,Grav,15,NA,15.7,NA,0.01480,0.01528,15.7,15,"changed purpose to LW (from L,LW) b/c no fresh length was recorded"
TRUE,LW,TRUE,FALSE,EJ,2,674,674,no individual pic,10/17/2006,NA,Limn_171,8SBF,Grav,15,NA,15.7,NA,0.01440,0.01488,15.7,15,"changed purpose to LW (from L,LW) b/c no fresh length was recorded"
TRUE,LW,TRUE,FALSE,EJ,2,675,675,no individual pic,10/17/2006,NA,Limn_171,8SBF,Fem,15,NA,15.2,NA,0.01080,0.01128,15.2,15,"changed purpose to LW (from L,LW) b/c no fresh length was recorded"
TRUE,LW,TRUE,FALSE,EJ,2,676,676,no individual pic,10/17/2006,NA,Limn_171,8SBF,Fem,15,NA,15.7,NA,0.01290,0.01338,15.7,15,"changed purpose to LW (from L,LW) b/c no fresh length was recorded"
TRUE,LW,TRUE,FALSE,EJ,2,677,677,no individual pic,10/17/2006,NA,Limn_171,8SBF,Fem,15,NA,15.7,NA,0.00770,0.00818,15.7,15,"changed purpose to LW (from L,LW) b/c no fresh length was recorded"
TRUE,LW,TRUE,FALSE,EJ,2,678,678,no individual pic,10/17/2006,NA,Limn_171,8SBF,Fem,15,NA,15.4,NA,0.00810,0.00858,15.4,15,"changed purpose to LW (from L,LW) b/c no fresh length was recorded"
TRUE,LW,TRUE,FALSE,EJ,2,679,679,no individual pic,10/17/2006,NA,Limn_171,8SBF,Fem,11,NA,12.5,NA,0.00680,0.00728,12.5,11,"changed purpose to LW (from L,LW) b/c no fresh length was recorded"
TRUE,LW,TRUE,FALSE,EJ,2,680,680,no individual pic,10/17/2006,NA,Limn_171,8SBF,Fem,11,NA,12.6,NA,0.00580,0.00628,12.6,11,"changed purpose to LW (from L,LW) b/c no fresh length was recorded"
TRUE,LW,TRUE,FALSE,EJ,2,681,681,no individual pic,10/17/2006,NA,Limn_171,8SBF,Male,11,NA,12.6,NA,0.00480,0.00528,12.6,11,"changed purpose to LW (from L,LW) b/c no fresh length was recorded"
TRUE,LW,TRUE,FALSE,EJ,2,682,682,no individual pic,10/17/2006,NA,Limn_171,8SBF,Male,11,NA,12.6,NA,0.00560,0.00608,12.6,11,"changed purpose to LW (from L,LW) b/c no fresh length was recorded"
TRUE,LW,TRUE,FALSE,EJ,2,683,683,no individual pic,10/17/2006,NA,Limn_171,8SBF,Juv,5,NA,6.8,NA,0.00087,0.00135,6.8,5,"pooled (avg of 6.8,6.8,6.7 mm); changed purpose to LW (from L,LW) b/c no fresh length was recorded"
TRUE,LW,TRUE,FALSE,EJ,2,684,684,no individual pic,10/17/2006,NA,Limn_171,8SBF,Grav,17,NA,17.3,NA,0.01530,0.01578,17.3,17,"changed purpose to LW (from L,LW) b/c no fresh length was recorded"
TRUE,LW,TRUE,FALSE,EJ,2,685,685,no individual pic,10/17/2006,NA,Limn_171,8SBF,Grav,15,NA,16.6,NA,0.01690,0.01738,16.6,15,"changed purpose to LW (from L,LW) b/c no fresh length was recorded"
TRUE,LW,TRUE,FALSE,EJ,2,686,686,no individual pic,10/17/2006,NA,Limn_171,8SBF,Juv,3,NA,4.0,NA,0.00030,0.00078,4.0,3,"pooled (avg of 4.8,3.7,3.4 mm); changed purpose to LW (from L,LW) b/c no fresh length was recorded"
TRUE,LW,TRUE,FALSE,EJ,2,687,687,no individual pic,10/17/2006,NA,Limn_171,8SBF,Juv,5,NA,5.8,NA,0.00053,0.00101,5.8,5,"pooled (avg of 6.0,5.9,5.5 mm); changed purpose to LW (from L,LW) b/c no fresh length was recorded"
TRUE,LW,TRUE,FALSE,EJ,2,689,689,no individual pic,10/17/2006,NA,Limn_171,8SBF,Juv,5,NA,6.3,NA,0.00077,0.00125,6.3,5,"pooled (avg of 6.3,6.4,6.3 mm); changed purpose to LW (from L,LW) b/c no fresh length was recorded "
TRUE,LW,TRUE,FALSE,EJ,2,696,696,no individual pic,10/17/2006,NA,Limn_171,8SBF,Male,11,NA,12.2,NA,0.00560,0.00608,12.2,11,"changed purpose to LW (from L,LW) b/c no fresh length was recorded"
TRUE,LW,TRUE,FALSE,EJ,2,697,697,no individual pic,10/17/2006,NA,Limn_171,8SBF,Male,9,NA,10.9,NA,0.00310,0.00358,10.9,9,"changed purpose to LW (from L,LW) b/c no fresh length was recorded"
TRUE,LW,TRUE,FALSE,EJ,2,698,698,no individual pic,10/17/2006,NA,Limn_171,8SBF,Male,11,NA,12.3,NA,0.00440,0.00488,12.3,11,"changed purpose to LW (from L,LW) b/c no fresh length was recorded"
TRUE,LW,TRUE,FALSE,EJ,2,699,699,no individual pic,10/17/2006,NA,Limn_171,8SBF,Male,9,NA,9.1,NA,0.00140,0.00188,9.1,9,"changed purpose to LW (from L,LW) b/c no fresh length was recorded"
TRUE,LW,TRUE,FALSE,EJ,2,700,700,no individual pic,10/17/2006,NA,Limn_171,8SBF,Grav,13,NA,14.8,NA,0.01200,0.01248,14.8,13,"changed purpose to LW (from L,LW) b/c no fresh length was recorded"
TRUE,LW,TRUE,FALSE,EJ,2,701,701,no individual pic,10/17/2006,NA,Limn_171,8SBF,Grav,15,NA,16.5,NA,0.01650,0.01698,16.5,15,"changed purpose to LW (from L,LW) b/c no fresh length was recorded"
TRUE,LW,TRUE,FALSE,EJ,2,702,702,no individual pic,10/17/2006,NA,Limn_171,8SBF,Fem,15,NA,15.3,NA,0.01040,0.01088,15.3,15,"changed purpose to LW (from L,LW) b/c no fresh length was recorded"
TRUE,LW,TRUE,FALSE,EJ,2,703,703,no individual pic,10/17/2006,NA,Limn_171,8SBF,Grav,13,NA,14.2,NA,0.01000,0.01048,14.2,13,"changed purpose to LW (from L,LW) b/c no fresh length was recorded"
TRUE,LW,TRUE,FALSE,EJ,2,704,704,no individual pic,10/17/2006,NA,Limn_171,8SBF,Grav,15,NA,15.2,NA,0.01290,0.01338,15.2,15,"changed purpose to LW (from L,LW) b/c no fresh length was recorded"
TRUE,LW,TRUE,FALSE,EJ,2,705,705,no individual pic,10/17/2006,NA,Limn_171,8SBF,Grav,15,NA,15.2,NA,0.01240,0.01288,15.2,15,"changed purpose to LW (from L,LW) b/c no fresh length was recorded"
TRUE,LW,TRUE,FALSE,EJ,2,706,706,no individual pic,10/17/2006,NA,Limn_171,8SBF,Fem,15,NA,16.8,NA,0.01850,0.01898,16.8,15,"changed purpose to LW (from L,LW) b/c no fresh length was recorded"
TRUE,LW,TRUE,FALSE,EJ,2,707,707,no individual pic,10/17/2006,NA,Limn_171,8SBF,Grav,13,NA,14.3,NA,0.00890,0.00938,14.3,13,"changed purpose to LW (from L,LW) b/c no fresh length was recorded"
TRUE,LW,TRUE,FALSE,EJ,2,708,708,no individual pic,10/17/2006,NA,Limn_171,8SBF,Male,11,NA,12.0,NA,0.00540,0.00588,12.0,11,"changed purpose to LW (from L,LW) b/c no fresh length was recorded"
TRUE,LW,TRUE,FALSE,EJ,2,709,709,no individual pic,10/17/2006,NA,Limn_171,8SBF,Fem,11,NA,11.6,NA,0.00530,0.00578,11.6,11,"changed purpose to LW (from L,LW) b/c no fresh length was recorded"
TRUE,LW,TRUE,FALSE,EJ,2,710,710,no individual pic,10/17/2006,NA,Limn_171,8SBF,Fem,11,NA,12.4,NA,0.00370,0.00418,12.4,11,"changed purpose to LW (from L,LW) b/c no fresh length was recorded"
TRUE,LW,TRUE,FALSE,EJ,2,711,711,no individual pic,10/17/2006,NA,Limn_171,8SBF,Fem,11,NA,12.8,NA,0.00690,0.00738,12.8,11,"changed purpose to LW (from L,LW) b/c no fresh length was recorded"
TRUE,LW,TRUE,FALSE,EJ,2,712,712,no individual pic,10/17/2006,NA,Limn_171,8SBF,Fem,11,NA,12.3,NA,0.00440,0.00488,12.3,11,"changed purpose to LW (from L,LW) b/c no fresh length was recorded"
TRUE,LW,TRUE,FALSE,EJ,2,719,719,no individual pic,10/17/2006,NA,Limn_171,8SBF,Male,9,NA,9.2,NA,0.00150,0.00198,9.2,9,"changed purpose to LW (from L,LW) b/c no fresh length was recorded"
TRUE,LW,TRUE,FALSE,EJ,2,720,720,no individual pic,10/17/2006,NA,Limn_171,8SBF,Male,9,NA,9.4,NA,0.00140,0.00188,9.4,9,"changed purpose to LW (from L,LW) b/c no fresh length was recorded"
TRUE,LW,TRUE,FALSE,EJ,2,721,721,no individual pic,10/17/2006,NA,Limn_171,8SBF,Male,9,NA,9.3,NA,0.00210,0.00258,9.3,9,"changed purpose to LW (from L,LW) b/c no fresh length was recorded"
